,Anúncio Nº :,Bairro:,Banheiros:,CEP:,Cadastro Municipal:,Calçada:,Categoria,Cidade:,Cobertura:,Construção:,Código do Imóvel:,Cômodos:,Distância Ponto de Ônibus:,Endereço:,Esgoto:,Estacionamento:,Estado:,Forro:,Iluminação Interna:,Lavabo:,Lavanderia:,Link,Metragem Barracão:,Metragem Frente:,Metragem Fundo:,Metragem Lado Direito:,Metragem Lado Esquerdo:,Metragem Terreno:,Metragem do Imóvel:,Nome do Edifício:,Número Lote:,Número Quadra:,Número de Suítes:,Número do Andar:,Número do Apto.:,Orientação Solar:,País:,Price:,Quartos:,Salas:,Tipo de Cercado:,Tipo de Garagem:,Tipo de Piso:,Topografia do Terreno:,Vagas de Garagam:,Valor Aprox. Condomínio:,Valor Aprox. IPTU:,Valor Aprox. Seguro:,Zoneamento Municipal:,Água:,Índice de energia:
0, 25273, Cadorin, 2,,,,"
Apartamento"," Paraná, Pato Branco",, Alvenaria, M-135,, 01 quadra," rua Itabira, 2720", Rede de Esgoto,, Paraná, Laje,,, Sim,https://www.moretti.imb.br/imovel/apartamento-semi-mobiliado-residencial-michelangelo-face-leste-norte-duas-garagens-m-135/,,,,,,, 100.00 m2, Michelangelo, 01, 1140, 01, 03, 303, Frente para o NORTE, Brasil, R$ 280.000 , 3, Uma,, Privativa, Alto Tráfego,, 02," 300,00",,,, Coletiva,
1, 25071, Centro, 4, 85501-067,, Paver,"
Apartamento", Pato Branco,, Alvenaria, M-135, 10, 01 quadra," Rua Tamoio, 393", Rede de Esgoto,, Paraná, Gesso,, 1, Sim,https://www.moretti.imb.br/imovel/apartamento-novo-central-com-3-suites-e-duas-vagas-de-garagem-privativas/,,,,,,, 238.00 m2, Emanuell, 004, 0041, 03, 02, 202, Frente para o NORTE, Brasil," Locação: R$ 2.500 Venda: R$ 640.000,00", 3, sim,, Privativa, Madeira e Cerâmica,, 02," 290,00",,,, Individual,
2, 24963," Centro, Santa Terezinha", 2, 85.501-230,, Paver,"
Apartamento"," Paraná, Pato Branco", Laje, Alvenaria, M129, 9, 01 quadra," Rua Tamoio, 393", Rede de Esgoto,, Paraná, Laje,, 1, Sim,https://www.moretti.imb.br/imovel/suite-mais-dois-quartos-no-san-marino-i-com-2-vagas-de-garagens-m129/,,,,,,, 185.00 m2, San Marino I, 06, 89, 01, 03, 303, Frente para o LESTE, Brasil, R$ 450.000 , 3, uma dois ambientes,, Privativa, Madeira e Cerâmica,, 02," 450,00",,,, Coletiva, 220 KWh kWh/m²a
3, 24802," Bancários, Centro", 2, 85501-296,, Lajota,"
Apartamento", Pato Branco, Laje, Alvenaria, M054, 9, 02 quadras," Rua Aimoré, 1110", Rede de Esgoto, -- : --, Paraná, Laje, -- : --, 1, Sim,https://www.moretti.imb.br/imovel/apto-03-quartos-suite-2-no-bancarios-10369-m2-ref-m128/,,,,,,, 104.00 m2, Siena, 005, 0046, 01, 03, 304, Frente para o LESTE, Brasil, R$ 280.000 , 3, Uma Sala com Dois Ambientes, Cerca Metálica, Privativa, Alto Tráfego, Terreno Plano, 01," R$ 290,00",,,, Individual, 220 KWh kWh/m²a
4, 24776," Centro, Santa Terezinha", 1, 85501-100,, Lajota,"
Apartamento", Pato Branco, Laje, Alvenaria, M127, 6, 01 quadra," Rua Barão do Rio Branco, 620", Rede de Esgoto, -- : --, Paraná, Laje, -- : --, 1, Sim,https://www.moretti.imb.br/imovel/um-quarto-ed-iguacu-centro-com-garagem-investimento/,,,,,,, 67.00 m2, Residencial Iguaçu, 023, 0089, -- : --, 01, 101, Frente para o OESTE, Brasil, R$ 163.000 , 1, Sala dois ambientes com sacada, -- : --, Privativa, Alto Tráfego, -- : --, 01," R$ 160,00",,,, Coletiva, 220 KWh kWh/m²a
5, 24688," Centro, Santa Terezinha", 2, 85506-240, 6421000, Paver,"
Apartamento", Pato Branco, Laje, Alvenaria, M125, 8, 01 quadra," Rua Visconde de Tamandaré, 1090 esquina R Xingu", Rede de Esgoto, -- : --, Paraná, Laje, -- : --, 1, -- : --,https://www.moretti.imb.br/imovel/dois-quartos-suite-com-garagem-r-xingu-esq-santa-terezinha-91-m2-investimento-locacao/,,,,,,, 81.00 m2, Franciele Eloise, 006, 0117, 01, 01, Aptº 101 - 1º andar, Frente para o OESTE, Brasil, R$ 250.000 , 2, Uma sala com 02 ambientes e sacada, -- : --, Privativa, Alto Tráfego, -- : --, 01," R$ 160,00",,,, Coletiva, 220 KWh kWh/m²a
6, 24679," Bortot, São Francisco, Vila Isabel", 2, 85504-702, 50221640, -- : --,"
Terreno", Pato Branco, Laje, -- : --, M124, 8, 05 quadras, Rua Navilho Arsego Bairro São Francisco, -- : --, -- : --, Paraná, -- : --, -- : --, 1, -- : --,https://www.moretti.imb.br/imovel/lote-390-m2-sao-francisco-rua-navilho-arsego-shopping/,, 13 metros., 13 metros., 30 metros., 30 metros.," Área de 390,00 m²", 81.00 m2, Franciele Eloise, 013, 1957, -- : --, -- : --, Aptº 101 - 1º andar, Frente para o SUL, Brasil, R$ 150.000 , 2, Uma sala com 02 ambientes e sacada, -- : --, -- : --, -- : --, Terreno com Declive, -- : --," R$ 160,00",,, ZR-4, -- : --, 220 KWh kWh/m²a
7, 24609," Cristo Rei, Santa Terezinha", 2, 85501-110, 7348240, Paver,"
Apartamento", Pato Branco, Laje, Alvenaria, M103, 7, 02 quadras," Rua Visconde de Tamandaré 175, Ap 403 Bloco A", Rede de Esgoto, -- : --, Paraná, Laje, -- : --, 1, Sim,https://www.moretti.imb.br/imovel/suite-um-quarto-no-vilage-4-estacoes-garagem-privativa-ref-m103/,, 13 metros., 13 metros., 30 metros., 30 metros.," Área de 390,00 m²", 77.00 m2, Vilage 4 Estações, 007, 0166, 01, 04, 403 A, Frente para o OESTE, Brasil, Imperdível... Só >>>    R$ 189.000 , 2, Sala 02 ambientes, -- : --, Privativa, Cerâmica, -- : --, 01," R$ 230,00"," Para 2019 R$ 111,77",, ZR-1, Individual, 220 KWh kWh/m²a
8, 24592, Centro, 2, 85.501-030, 7348240, Paver,"
Apartamento"," Paraná, Pato Branco", Laje, Alvenaria, M-122, 8, 02 quadras," rua Tapajós, 316", Rede de Esgoto, -- : --, Paraná, Laje, -- : --, 1, Sim,https://www.moretti.imb.br/imovel/apartamento-suite-mais-dois-quartos-garagem-privativa-rua-tapajos-centro-m-122/,, 13 metros., 13 metros., 30 metros., 30 metros.," Área de 390,00 m²", 77.00 m2, Canaã, 10, 504, 01, 04, 401, Frente para o NORTE, Brasil, R$ 297.000 , 3, duas, -- : --, Privativa, Cerâmica, -- : --, 01," 250,00"," Para 2019 R$ 111,77",, ZR-1, Coletiva, 220 KWh kWh/m²a
9, 24517," Amadori, Menino Deus", 3, 85.502-080, 7348240, Cimento,"
Casa"," Paraná, Pato Branco", Laje e Telha Colonial, Alvenaria, M-121, 8, 01 quadra," rua Timbiras, 715", Rede de Esgoto, -- : --, Paraná, Laje, -- : --, 1, Sim,https://www.moretti.imb.br/imovel/m-121-casa-alvenaria-suite-mais-3-quartos-com-laje-mais-edicula-total-200-m%c2%b2-bairro-menino-deus/,, 13 metros., 13 metros., 30 metros., 30 metros., 472 m², 200.00 m2, Canaã, 10, 504, 01, 04, 401, Frente para o NORTE, Brasil, R$ 580.000 , 4, Uma, Muro com Cerca Metálica, Privativa, Cerâmica, Terreno Plano, 04," 250,00"," Para 2019 R$ 111,77",, ZR-1, Individual, 220 whts kWh/m²a
10, 24438, Centro, 2, 85501-050, 7348240, Paver,"
Apartamento", Pato Branco, Laje e Telha Colonial, Alvenaria, M-120, 9, 01 quadra," Rua Guarani, 798", Rede de Esgoto, -- : --, Paraná, Laje, Fluorescentes Comum, 1, Sim,https://www.moretti.imb.br/imovel/apartamento-residencial-guarani-ii-no-101-com-garagem-rua-guarani-798-matricula-no-38-616-e-38-658-valor-r315-00000/,, 13 metros., 13 metros., 30 metros., 30 metros., 472 m², 120.00 m2, GUARANI II, 007, 0029, 01, 01, 101, Frente para o LESTE, Brasil, R$ 315.000 , 3, 01  SALA COM 02 AMBIENTES , -- : --, Compartilhada, Madeira e Cerâmica, Terreno Plano, 01," 280,00"," Para 2019 R$ 111,77",, ZR-1, Coletiva, 220 whts kWh/m²a
11, 24252, São Francisco, 2, 85504-797, 7348240, -- : --,"
Terreno", Pato Branco, Laje e Telha Colonial, -- : --, M115, 9, 03 quadras, Rua Delelmo Caldato, -- : --, -- : --, Paraná, -- : --, -- : --, 1, -- : --,https://www.moretti.imb.br/imovel/lote-no-sao-francisco-720-m2-ref-061-4/,, 20 metros, 20, 36, 36 metros, 720 m², 120.00 m2, GUARANI II, 009, 1402, -- : --, -- : --, 101, Frente para o OESTE, Brasil, R$ 170.000 , 3, 01  SALA COM 02 AMBIENTES , -- : --, -- : --, -- : --, Terreno Plano, -- : --," 280,00"," Para 2019 R$ 111,77",, ZR-3, -- : --, 220 whts kWh/m²a
12, 24162, Centro, 2, 85.501-010, 7348240, -- : --,"
Apartamento", Pato Branco, Laje e Telha Colonial, Alvenaria, M114, 9, 03 quadras," rua Tocantins, 2714", Rede de Esgoto, -- : --, Paraná, -- : --, -- : --, 1, Sim,https://www.moretti.imb.br/imovel/apartamento-novo-edificio-montese-m114/,, 20 metros, 20, 36, 36 metros, 720 m², 128.00 m2, Montese, 08, 042, 01, 02, 204, Frente para o LESTE, Brasil, R$ 360.000 , 2, duas, -- : --, Privativa, Madeira e Cerâmica, Terreno Plano, 01," 300,00"," Para 2019 R$ 111,77",, ZR-3, Individual, 220 whts kWh/m²a
13, 24134, Fraron, 2, 85503-430, 7348240, -- : --,"
Terreno", Pato Branco, Laje e Telha Colonial, -- : --, M112, 9, 04 quadras, Av Hugo Scartezini, Rede de Esgoto, -- : --, Paraná, -- : --, -- : --, 1, -- : --,https://www.moretti.imb.br/imovel/lotes-de-esquina-no-bairro-fraron-a-partir-de-r-106-000-ate-149-000-na-utf-pr-432-a-499-m2-ref-112/,," 16,14 + 5,83 metros"," 20,45 metros"," 14,06 metros"," 17,11 metros"," De 353,35 m² até 499,50 m²", 128.00 m2, Montese, Lotes 19 e 20, Quadras 1889 / 1890 / 1891, -- : --, -- : --, 204, Frente para o NORTE, Brasil," A partir de R$   R$ 106.000 Até R$ 149.000,00", 2, duas, -- : --, -- : --, -- : --, Terreno Plano, -- : --," 300,00"," Para 2019 R$ 111,77",, ZR-3, -- : --, 220 whts kWh/m²a
14, 24084, Fraron, 2, 85503-444, 7348240, -- : --,"
Terreno", Pato Branco, Laje e Telha Colonial, -- : --, M113, 9, 04 quadras, Rua Pion. Orlando Sambugaro, Rede de Esgoto, -- : --, Paraná, -- : --, -- : --, 1, -- : --,https://www.moretti.imb.br/imovel/lotes-bairro-fraron-r-65-000-utf-pr-261-m2-ref-113/,," 13,00 metros"," 13,00 metros"," 20,16 metros"," 20,12 metros"," 260,85 m²", 128.00 m2, Montese, 09, 1890, -- : --, -- : --, 204, Frente para o LESTE, Brasil, Faça a sua proposta R$ 65.000 Condições a combinar. Aceita veículo., 2, duas, -- : --, -- : --, -- : --, Terreno com Declive, -- : --," 300,00"," Para 2019 R$ 111,77",, ZR-3, -- : --, 220 whts kWh/m²a
15, 24071, Fraron, 2, 85503-430, 7348240, -- : --,"
Terreno", Pato Branco, Laje e Telha Colonial, -- : --, M111, 9, 04 quadras, Av. Hugo Scartezini, -- : --, -- : --, Paraná, -- : --, -- : --, 1, -- : --,https://www.moretti.imb.br/imovel/lote-bairro-fraron-utf-pr-6-28250-m2-ref-111/,," 56,59 metros"," 60,27 metros"," 106,37 metros"," 110,04 metros"," Área de 6.282,50 m²", 128.00 m2, Montese, Imóvel Scartezini IV, 1890, -- : --, -- : --, 204, Frente para o NORTE, Brasil, R$ 980.000 , 2, duas, -- : --, -- : --, -- : --, Terreno Plano, -- : --," 300,00"," R$ 4.500,00 Referência 2018",, ZIT, -- : --, 220 whts kWh/m²a
16, 23888," Baixada, Cristo Rei, Santa Terezinha", 2, 85501-160, 7348240, Lajota,"
Terreno", Pato Branco, Laje e Telha Colonial, -- : --, M110, 9, 02 quadras," Rua Araucária, 483", Rede de Esgoto, -- : --, Paraná, -- : --, -- : --, 1, -- : --,https://www.moretti.imb.br/imovel/lote-comercial-99680m%c2%b2-a-150-m-da-av-tupi-na-baixada-ref-m110/,," 22,50 metros"," 22,50 metros"," 44,30 metros"," 44,70 metros"," 996,80 m²", 128.00 m2, Montese, 008, 00104, -- : --, -- : --, 204, Frente para o NORTE, Brasil, R$ 680.000 , 2, duas, Muro com Cerca Metálica, -- : --, -- : --, Terreno com Aclive, -- : --," 300,00"," R$ 4.500,00 Referência 2018",, ZC-3, Individual, 220 whts kWh/m²a
17, 23886," Baixada, Cristo Rei, Santa Terezinha", 2, 85501-160, 7348240, Lajota,"
Terreno"," Bom Sucesso do Sul, Paraná", Laje e Telha Colonial, -- : --, M110, 9, 02 quadras," Rua Araucária, 483", Rede de Esgoto, -- : --, Paraná, -- : --, -- : --, 1, -- : --,https://www.moretti.imb.br/imovel/terreno-em-bom-sucesso-do-sul-parte-nobre-m065-03l-64q/,," 22,50 metros"," 22,50 metros"," 44,30 metros"," 44,70 metros"," 996,80 m²", 128.00 m2, Montese, 008, 00104, -- : --, -- : --, 204, Frente para o NORTE, Brasil, R$ 85.000 , 2, duas, Muro com Cerca Metálica, -- : --, -- : --, Terreno com Aclive, -- : --," 300,00"," R$ 4.500,00 Referência 2018",, ZC-3, Individual, 220 whts kWh/m²a
18, 23811, Santa Terezinha, 2, 85.501-230, 7348240, Lajota,"
Apartamento"," Paraná, Pato Branco", Laje e Telha Colonial, Alvenaria, M108, 8, 02 quadras," rua Xingu, 233 San Marino II", Rede de Esgoto, -- : --, Paraná, Laje, -- : --, 1, Sim,https://www.moretti.imb.br/imovel/apartamento-san-marino-frente-face-norte-oeste-m108/,," 22,50 metros"," 22,50 metros"," 44,30 metros"," 44,70 metros"," 996,80 m²", 120.00 m2, San Marino II, 006, 0089, 01, 05, 501, Frente para o NORTE, Brasil, R$ 348.000 , 3, Uma dois ambientes, Muro com Cerca Metálica, Compartilhada, Alto Tráfego, Terreno com Aclive, 01," 300,00"," R$ 4.500,00 Referência 2018",, ZC-3, Coletiva, 220 whts kWh/m²a
19, 23763, Santa Terezinha, 3, 85.502-527, 7348240, Lajota,"
Casa,"," Paraná, Pato Branco", Aluzinco  , Alvenaria, M107, 10, 05 quadras," rua Pedro Biava, 44", Rede de Esgoto, -- : --, Paraná, Gesso, LED, 1, Sim,https://www.moretti.imb.br/imovel/casa-alto-padrao-198-m%c2%b2-bairro-menino-deus-loteamento-dom-carlos-m107/,," 12,40 metros"," 12,40 metros", 30 metros," 44,70 metros", 372 m², 198.00 m2, San Marino II, 06, 1741, 01, 05, 501, Frente para o SUL, Brasil, R$ 830.000 , 3, 2, Muro, Privativa, Porcelanato, Terreno com Aclive, 02," 300,00"," R$ 4.500,00 Referência 2018",, ZRII, Individual, 220 whts kWh/m²a
20, 23580, Bancários, 3, 85504-520, 7348240, -- : --,"
Terreno", Pato Branco, Aluzinco  , -- : --, M106, 10, 02 quadras, Rua São Salvador, -- : --, -- : --, Paraná, -- : --, -- : --, 1, -- : --,https://www.moretti.imb.br/imovel/lote-no-b-bancarios-49687-m2-face-norte-ref-m106/,," 15,00 metros"," 15,00 metros"," 34,50 metros"," 31,75 metros", 7*9387 m², 198.00 m2, San Marino II, 011, 0716, -- : --, -- : --, 501, Frente para o NORTE, Brasil, R$ 300.000 , 3, 2, Aberta, -- : --, -- : --, -- : --, -- : --," 300,00"," R$ 4.500,00 Referência 2018",, ZR-1, -- : --, 220 whts kWh/m²a
21, 23553," Amadori, Menino Deus", 3, 85502-180, 15310900, Grama,"
Casa", Pato Branco, Telha de cimento, Alvenaria, M105, 13, 02 quadras," Rua Frei Caneca, 398", Rede de Esgoto, -- : --, Paraná, PVC, -- : --, 1, Sim,https://www.moretti.imb.br/imovel/casa-151-m2-com-salao-de-festas-menino-deus-rua-frei-caneca-lote-523-m2-ref-m105/,," 14,50 metros"," 14,50 metros"," 36,12 metros"," 36,12 metros"," 523,74 m²", 151.00 m2, San Marino II, 015, 0783, 01, -- : --, 501, Frente para o OESTE, Brasil, R$ 395.000 Estuda imóvel de menor valor !, 3, Duas Salas Mais Salão de Festas, Muro com Cerca Metálica, Privativa, Cerâmica, Terreno Plano, 04," 300,00"," 2019 = R$ 130,96 + Tx Coleta Lixo = R$ 138,07"," Aprox. R$ 45,00 / mês", ZR-1, Individual, 220 whts kWh/m²a
22, 23471, São Francisco, 2, 85.504-802, 45237700, Grama,"
Casa"," Paraná, Pato Branco", Telha de Concreto, Alvenaria, M104, 9, 02 quadras," rua Natal Mazzuco, 417", Fossa Séptica, -- : --, Paraná, Gesso, -- : --, 1, Sim,https://www.moretti.imb.br/imovel/casa-alvenaria-bairro-sao-francisco-112-m%c2%b2-suite-mais-dois-quartos-m104/,, 12, 12, 30, 30, 360 M², 112.00 m2, San Marino II, 009, 1495, 01, Térreo, 501, Frente para o OESTE, Brasil," De  R$ 320.000 Oferta R$ 305.000,00", 3, Uma, Muro com Cerca Metálica, Privativa, Porcelanato, Terreno Plano, 02," 300,00"," 294,03"," Aprox. R$ 45,00 / mês", ZR3, Individual, 220 whts kWh/m²a
23, 23423, Santa Terezinha, 2, 85.501-190, 45237700, Grama,"
Apartamento"," Paraná, Pato Branco", Telha de Concreto, Alvenaria, M095, 8, 01 quadra," rua João Pessoa, 880 Aptº401", Rede de Esgoto, -- : --, Paraná, Laje, LED, 1, Sim,https://www.moretti.imb.br/imovel/apto-3-quartos-suite-2-segundo-andar-face-norte-oeste-edif-erico-verissimo-13517-m2-ref-m095/,, 12, 12, 30, 30, 360 M², 135.00 m2, Érico Veríssimo , 005, 149, 01, 02, 401 4º andar, Frente para o NORTE, Brasil, R$ 378.600 , 2, Uma, Não se aplica a este imóvel, Privativa, Alto Tráfego, Terreno Plano, 01," 270,00"," 294,03"," Aprox. R$ 45,00 / mês", ZR3, Individual, 220 whts kWh/m²a
24, 23399, Santa Terezinha, 2, 85.501-190, 45237700, Grama,"
Apartamento"," Paraná, Pato Branco", Telha de Concreto, Alvenaria, M097, 10, 01 quadra," rua João Pessoa, 880", Rede de Esgoto, -- : --, Paraná, Laje, LED, 1, Sim,https://www.moretti.imb.br/imovel/apartamento-erico-verissimo-apartamento-ultimo-andar-m097/,, 12, 12, 30, 30, 360 M², 148.00 m2, Érico Veríssimo, 05, 149, 01, 05, 704, Frente para o OESTE, Brasil, R$ 423.500 , 3, Uma com dois ambientes, Não se aplica a este imóvel, Privativa, Porcelanato, Terreno Plano, 02," 270,00"," 294,03"," Aprox. R$ 45,00 / mês", ZR3, Individual, 220 whts kWh/m²a
25, 23231," Bancários, Cadorin", 2, 85.504-420, 45237700, Paver,"
Casa,"," Paraná, Pato Branco", Laje, Alvenaria, M101, 10, 01 quadra," rua Tapir, 2549", Fossa Séptica, -- : --, Paraná, Laje, LED, 1, Sim,https://www.moretti.imb.br/imovel/sobrado-alto-padrao-construtivo-bairro-cadorin-proximo-escola-teatinas-m101/,, 12, 12, 30, 30, 200 M², 240.00 m2, Dall´Oglio, 06, 1399, 01, 05, 704, Frente para o SUL, Brasil, Oferta R$ 700.000 , 3, Duas, Muro, Privativa, Porcelanato, Terreno Plano, 02," 270,00"," 294,03"," Aprox. R$ 45,00 / mês", ZR3, Individual, 220 whts kWh/m²a
26, 23230, Sambugaro, 2, 85.502-010, 45237700, Paver,"
Terreno"," Paraná, Pato Branco", Laje, Alvenaria, M098, 10, 01 quadra, rua Tapir lado nº 405, Fossa Séptica, -- : --, Paraná, Laje, LED, 1, Sim,https://www.moretti.imb.br/imovel/terreno-proximo-ao-gama-e-terminal-rodoviario-bairro-sambugaro-m098/,, 14 metros," 14,00 metros"," 31,90 metros"," 31,90  metros", 450 M², 240.00 m2, Dall´Oglio, 08, 711, 01, 05, 704, Frente para o SUL, Brasil, Oferta R$ 170.000 , 3, Duas, Muro, Privativa, Porcelanato, Terreno com Declive, 02," 270,00"," 294,03"," Aprox. R$ 45,00 / mês", ZR3, Individual, 220 whts kWh/m²a
27, 23229," Cristo Rei, Santa Terezinha", 1, 85.501-110, 45237700, Paver,"
Apartamento"," Paraná, Pato Branco", Laje, Alvenaria, M037, 8, 01 quadra, rua Tapir lado nº 405, Rede de Esgoto, -- : --, Paraná, Laje, LED, 1, Sim,https://www.moretti.imb.br/imovel/vilage-4-estacoes-apartamento-dois-quartos-com-garagem-privativa-otimo-para-investidor-m037/,, 14 metros," 14,00 metros"," 31,90 metros"," 31,90  metros", 450 M², 86.00 m2, Vilage 4 Estações, 07, 166, 01, 03, 303, Frente para o OESTE, Brasil, R$ 199.000 , 3, Jantar e TV, Muro, Privativa, Cerâmica, Terreno com Declive, 01," 200,00"," 294,03"," Aprox. R$ 45,00 / mês", ZR3, Individual, 220 whts kWh/m²a
28, 23225, La Salle, 1, 85.505-030, 45237700, Paver,"
Terreno", Pato Branco, Laje, Alvenaria, M109, 8, 01 quadra, rua Tapir lado nº 405, Rede de Esgoto, -- : --, Paraná, Laje, LED, 1, Sim,https://www.moretti.imb.br/imovel/terreno-rua-arariboia-no-916-frente-escola-la-salle/,," 22,30 metros"," 21,64 metros"," 44,00 metros"," 43,43 METROS"," 901,58 M²", 86.00 m2, Vilage 4 Estações, 07, 230, 01, 03, 303, Frente para o OESTE, Brasil, R$ 835.000 , 3, Jantar e TV, Muro, Privativa, Cerâmica, Terreno com Declive, 01," 200,00"," 294,03"," Aprox. R$ 45,00 / mês", ZR3, Individual, 220 whts kWh/m²a
29, 23123, Cadorin, 1, 85.505-030, 45237700, Paver,"
Terreno", Pato Branco, Laje, Ainda não há, M030, 8, 01 quadra, Prudencio Alves De Oliveira, Rede de Esgoto, -- : --, Paraná, Laje, Não se aplica a este imóvel, 1, Sim,https://www.moretti.imb.br/imovel/lote-residencial-urbano-ref-m-030/,," 22,30 metros"," 21,64 metros"," 44,00 metros"," 43,43 METROS"," 859,04", 86.00 m2, Vilage 4 Estações, 010, 1386, 01, 03, 303, Frente para o LESTE, Brasil, R$ 270.000 , 3, Jantar e TV, Muro, Privativa, Cerâmica, Terreno com Aclive, 01," 200,00"," 294,03"," Aprox. R$ 45,00 / mês", ZR3, Individual, 220 whts kWh/m²a
30, 22419, Centro, 1, 85501-282, 45237700, Paver,"
Apartamento", Pato Branco, Laje, Alvenaria, M086, 5, 03 quadras, Prudencio Alves De Oliveira, Rede de Esgoto, -- : --, Paraná, Laje, -- : --, 1, Sim,https://www.moretti.imb.br/imovel/lancamento-loft-1-e-2-dorm-edif-di-cavalcanti-centro-ref-m86/,," 22,30 metros"," 21,64 metros"," 44,00 metros"," 43,43 METROS"," 859,04", 87.00 m2, Di Cavalcanti, 010, 1386, 02, 03, 303, Frente para o SUL, Brasil," R$ 288.800 Preço do Loft 305, consulte condições e parcelamento.", 1, Ambiente amplo com sacada., -- : --, Privativa, Porcelanato, -- : --, 01," 200,00"," 294,03"," Aprox. R$ 45,00 / mês", ZR3, Individual, 220 whts kWh/m²a
31, 23047, Santo Antônio, 1, 85507-380, 45237700, Pedra,"
Terreno"," Paraná, Pato Branco", Laje, -- : --, M100, 5, 01 quadra, Rua André de Barros Esquina Pres. Juscelino, Rede de Esgoto, -- : --, Paraná, -- : --, -- : --, 1, -- : --,https://www.moretti.imb.br/imovel/terreno-urbano-lote-01-quadra-306-rua-presidente-jucelino-a-100-m-da-av-tupi-bairro-santo-antonio-com-projeto-para-construcao-barracao-ja-aprovado-terreno-com-area-de-43978-m2-de-esquina-no-valor-de/,," 17,02 metros"," 15,00 metros"," 27,53 metros"," 27,53 metros"," 439,78 M2", 87.00 m2, Di Cavalcanti, 001, 0306, -- : --, -- : --, 303, Frente para o OESTE, Brasil, R$ 130.000 , 1, Ambiente amplo com sacada., Aberta, -- : --, -- : --, Terreno Plano, -- : --," 200,00"," 294,03"," Aprox. R$ 45,00 / mês", EE-SN, -- : --, 220 whts kWh/m²a
32, 23044, Santo Antônio, 1, 85507 308, 45237700, Pedra,"
Terreno", Pato Branco, Laje, -- : --, M099, 5, 01 quadra, Rua Santos Dumont Bairro Santo Antonio, -- : --, -- : --, Paraná, -- : --, -- : --, 1, -- : --,https://www.moretti.imb.br/imovel/terreno-urbano-lote-08-quadra-310-rua-santos-dumont-a-100-m-da-av-tupi-bairro-santo-antonio-c-om-projeto-pronto-e-aprovado-para-construcao-barracao-com-area-de-44291-m2-valor-de-r-130-00000/,," 15,00 metros"," 14,49 metros"," 30,07 metros"," 30,00 metros"," 442,91 M2", 87.00 m2, Di Cavalcanti, 008, 0310, -- : --, -- : --, 303, Frente para o OESTE, Brasil, R$ 130.000 , 1, Ambiente amplo com sacada., Aberta, -- : --, -- : --, Terreno com Aclive, -- : --," 200,00"," 294,03"," Aprox. R$ 45,00 / mês", EE-SN, -- : --, 220 whts kWh/m²a
33, 22875, Loteamento Residencial Progresso, 1, 85507 308, 45237700, Pedra,"
Terreno", Bom Sucesso do Sul, Laje, -- : --, M099, 5, 01 quadra, rua Davi Pereira , -- : --, -- : --, Paraná, -- : --, -- : --, 1, -- : --,https://www.moretti.imb.br/imovel/loteamento-progresso-lotes-10-11-e-12-rua-davi-pereira-parte-alta-ref-065/,, 42 metros , 42 metros," 30,65 metros"," 30,64  metros"," 1,271.00 m2", 87.00 m2, Di Cavalcanti, 10 11 e 12, 09, -- : --, -- : --, 303, Frente para o LESTE, Brasil, R$ 237.000 , 1, Ambiente amplo com sacada., Aberta, -- : --, -- : --, Terreno com Aclive, -- : --," 200,00"," 294,03"," Aprox. R$ 45,00 / mês", EE-SN, -- : --, 220 whts kWh/m²a
34, 22866, La Salle, 3, 85505-180, 45237700, Lajota,"
Apartamento", Pato Branco, Laje, Alvenaria, M092, 13, 05 quadras, rua Davi Pereira , Rede de Esgoto, -- : --, Paraná, Laje, -- : --, 1, Sim,https://www.moretti.imb.br/imovel/ed-vila-romana-184-m2-apto-pecas-amplas-duas-vagas/,, 42 metros , 42 metros," 30,65 metros"," 30,64  metros"," 1,271.00 m2", 184.00 m2, Vila Romana, 003, 0242, 01, 01, 106, Frente para o NORTE, Brasil, R$ 260.000 , 4, Uma sala com dois ambientes e sacada, Muro com Cerca Metálica, Privativa, -- : --, Terreno com Aclive, 02," 200,00"," 294,03"," Aprox. R$ 45,00 / mês", EE-SN, Coletiva, 220 whts kWh/m²a
35, 22853, Loteamento Residencial Progresso, 3, 85505-180, 45237700, Lajota,"
Terreno"," Bom Sucesso do Sul, Pato Branco", Laje, Alvenaria, M092, 13, 05 quadras, Rua Fredomiro Gomes, Rede de Esgoto, -- : --, Paraná, Laje, -- : --, 1, Sim,https://www.moretti.imb.br/imovel/loteamento-bom-sucesso-do-sul-lotes-a-partir-de-r-59-00000-ref-m065-22/,, 42 metros , 42 metros," 30,65 metros"," 30,64  metros"," 1,271.00 m2", 184.00 m2, Vila Romana, 05, 68, 01, 01, 106, Frente para o NORTE, Brasil, R$ 59.000 , 4, Uma sala com dois ambientes e sacada, Muro com Cerca Metálica, Privativa, -- : --, Terreno com Aclive, 02," 200,00"," 294,03"," Aprox. R$ 45,00 / mês", EE-SN, Coletiva, 220 whts kWh/m²a
36, 22551, São Cristóvão, 1, 85508-225, 45237700, Paver,"
Apartamento", Pato Branco, TELHA CIMENTO, Alvenaria, M089, 5, 01 quadra, Rua Fredomiro Gomes, Rede de Esgoto, -- : --, Paraná, Madeira, -- : --, 1, Sim,https://www.moretti.imb.br/imovel/apatamento-102-condominio-nelson-luiz-grando-av-tupi-6466-bairro-sao-cristovao-com-area-de-4439-m2-matricula-38059-no-valor-de-r-150-00000/,, 42 metros , 42 metros," 30,65 metros"," 30,64  metros"," 76,15 m2", 59.00 m2, CONDOMINIO NELSO LUIZ GRANDO, 22, 926, -- : --, 01, 102, Frente para o LESTE, Brasil, R$ 150.000 , 2, 01, Muro com Cerca Metálica, Compartilhada, Cerâmica, Terreno Plano, 01," 200,00"," 294,03"," Aprox. R$ 45,00 / mês", EESN, Individual, 220 whts kWh/m²a
37, 22547, São Cristóvão, 1, 85508-225, 45237700, Paver,"
Apartamento", Pato Branco, TELHA CIMENTO, Alvenaria, M088, 5, 01 quadra, Rua Fredomiro Gomes, Rede de Esgoto, -- : --, Paraná, Madeira, -- : --, 1, Sim,https://www.moretti.imb.br/imovel/apartamento-101-condominio-nelson-luiz-grando-av-tupi-6-466-bairro-sao-cristovao-com-area-de-6505-m2-matricula-38-059-valor-r-150-00000/,, 42 metros , 42 metros," 30,65 metros"," 30,64  metros"," 83,36 m2", 65.00 m2, CONDOMINIO NELSO LUIZ GRANDO, 22, 926, -- : --, 01, 101, Frente para o LESTE, Brasil, R$ 150.000 , 2, 01, Muro com Cerca Metálica, Compartilhada, Cerâmica, Terreno Plano, 01," 200,00"," 294,03"," Aprox. R$ 45,00 / mês", EESN, Individual, 220 whts kWh/m²a
38, 22446, Pinheiros, 1, 85504-340, 45237700, Pedra,"
Terreno", Pato Branco, TELHA CIMENTO, -- : --, M088, 5, 03 quadras, Rua Fredomiro Gomes, -- : --, -- : --, Paraná, -- : --, Halogêneo, 1, -- : --,https://www.moretti.imb.br/imovel/lote-urbano-bairro-pinheiros-rua-epitacio-pessoa-643-m2-valor-350-mil/,," 15,00 M"," 15,00 M"," 42, 49 M"," 42,49 M"," 643,27 M2", 65.00 m2, CONDOMINIO NELSO LUIZ GRANDO, 10, 558, -- : --, -- : --, 101, Frente para o NORTE, Brasil, R$ 350.000 , 2, 01, Muro com Cerca Metálica, -- : --, -- : --, Terreno com Declive, -- : --," 200,00"," 294,03"," Aprox. R$ 45,00 / mês", ZR2, -- : --, 220 whts kWh/m²a
39, 22306, Centro, 2, 85501-286, 45237700, Paver,"
Apartamento", Pato Branco, TELHA CIMENTO, Alvenaria, M085, 9, 02 quadras," Rua Itabira, 1650", Rede de Esgoto, -- : --, Paraná, Gesso, LED, 1, Sim,https://www.moretti.imb.br/imovel/edif-piacenza-suite-2-quartos-area-16159-m2-duas-vagas-privativas-ref-m085/,," 15,00 M"," 15,00 M"," 42, 49 M"," 42,49 M"," 643,27 M2", 161.00 m2, Piacenza, 001, 0040, 01, 02, 201, Frente para o OESTE, Brasil, R$ 518.000 , 3, Com dois ambientes, -- : --, Privativa, Alto Tráfego, -- : --, 02," R$ 300,00"," 294,03"," Aprox. R$ 45,00 / mês", ZR2, Individual, 220 whts kWh/m²a
40, 22261, La Salle, 2, 85.505-250, 45237700, -- : --,"
Apartamento", Pato Branco, TELHA CIMENTO, Alvenaria, M085, 9, 01 quadra," rua Sergipe, 23", Rede de Esgoto, -- : --, Paraná, -- : --, -- : --, 1, -- : --,https://www.moretti.imb.br/imovel/apartamento-semi-mobiliado-edif-leonidas-bairro-la-salle-frente-escola-la-salle-proximo-largo-da-liberdade/,," 15,00 M"," 15,00 M"," 42, 49 M"," 42,49 M"," 643,27 M2", 137.00 m2, Leônidas de Oliveira, 24, 233, 01, 01, 104, Frente para o LESTE, Brasil, Oferta  R$ 330.000 , 3, Três, Muro com Cerca Metálica, Privativa, Alto Tráfego, -- : --, 01," 350,00"," 294,03"," Aprox. R$ 45,00 / mês", ZR2, Coletiva, 220 whts kWh/m²a
41, 22120, Fraron, 3, 85.503-385, 45237700, Paver,"
Casa,", Pato Branco, TELHA CIMENTO, Alvenaria, M067, 11, 01 quadra," Rua Natalino Dartora, 139 e 145", Fossa Séptica, Sem Cobertura, Paraná, Laje, LED, 1, Sim,https://www.moretti.imb.br/imovel/sobrado-bairro-fraron-proximo-fadep-unidep-novo-pronto-para-entrar-e-morar-m067/,," 15,00 M"," 15,00 M"," 42, 49 M"," 42,49 M"," 180,00", 165.00 m2, Leônidas de Oliveira, 24, 233, 01, 01, 104, Frente para o NORTE, Brasil, R$ 380.000 , 3, Uma, Muro com Cerca Metálica, Privativa, Porcelanato, Terreno Plano, 01," 350,00"," 294,03"," Aprox. R$ 45,00 / mês", ZR2, Individual, 220 whts kWh/m²a
42, 22087, Santa Terezinha, 2, 85501-120, 45237700, Paver,"
Loja,", Pato Branco, TELHA CIMENTO, Alvenaria, M014, 4, 02 quadras," Rua Natalino Dartora, 139 e 145", Rede de Esgoto, Sem Cobertura, Paraná, Laje, -- : --, 1, -- : --,https://www.moretti.imb.br/imovel/loja-13031-m2-rua-joao-pessoa-bairro-santa-terezinha-ref-m014/,," 15,00 M"," 15,00 M"," 42, 49 M"," 42,49 M"," 180,00", 130.00 m2, Érico Veríssimo, 005, 0149, -- : --, Térreo, 104, Frente para o OESTE, Brasil, R$ 380.000 , 3, 01, -- : --, Privativa, Porcelanato, -- : --, 01," 350,00"," 294,03"," Aprox. R$ 45,00 / mês", ZR2, Individual, 220 whts kWh/m²a
43, 22085, Santa Terezinha, 2, 85501-190, 45237700, Paver,"
Loja,", Pato Branco, TELHA CIMENTO, Alvenaria, M015, 4, 03 quadras, Rua Dr Beltrão esquina R João Pessoa, Rede de Esgoto, Sem Cobertura, Paraná, Laje, -- : --, 1, -- : --,https://www.moretti.imb.br/imovel/loja-190-m2-rua-dr-beltrao-esquina-joao-pessoa-bairro-santa-terezinha/,," 15,00 M"," 15,00 M"," 42, 49 M"," 42,49 M"," 180,00", 190.00 m2, Érico Veríssimo, 005, 0149, -- : --, Térreo, 104, Frente para o SUL, Brasil, R$ 380.000 , 3, 01, -- : --, Privativa, Cerâmica, -- : --, 01," 350,00"," 294,03"," Aprox. R$ 45,00 / mês", ZR2, Individual, 220 whts kWh/m²a
44, 21586, Bancários, 4, 85504-420, 1519550, Cimento,"
Casa", Pato Branco, Telha, Alvenaria, M079, 17, 01 quadra," Rua Tapir, 2220", Rede de Esgoto, Sem Cobertura, Paraná, Laje, -- : --, 1, Sim,https://www.moretti.imb.br/imovel/casa-alvenaria-no-alto-do-bairro-bancarios-m079/,," 15,00 M"," 15,00 M"," 42, 49 M"," 42,49 M", 372 m², 220.00 m2, Érico Veríssimo, 001, 760, 01, 02, 104, Frente para o NORTE, Brasil, R$ 850.000 , 3, 4, Muro com Cerca Metálica, Privativa, Madeira e Cerâmica, Terreno Plano, 02," 350,00"," 294,03"," Aprox. R$ 45,00 / mês", ZR2, Individual, Bifásica kWh/m²a
45, 21584, Centro, 3, 85504-430, 1519550, Lajota,"
Apartamento", Pato Branco, Telha, Alvenaria, M077, 13, 01 quadra," Rua Itabira, 1315 Centro", Rede de Esgoto, -- : --, Paraná, Não se aplica a este imóvel, -- : --, 1, Sim,https://www.moretti.imb.br/imovel/ed-frei-policarpo-apartamento-no-centro-suite-e-2-quartos-m077/,," 15,00 M"," 15,00 M"," 42, 49 M"," 42,49 M", 372 m², 220.00 m2, Frei Policarpo, 05, 25, 01, 10, 104, Frente para o OESTE, Brasil, R$ 530.000 , 3, Duas, -- : --, Privativa, Madeira e Cerâmica, -- : --, 01," 950,00"," 294,03"," Aprox. R$ 45,00 / mês", ZR2, Coletiva, Bifásica kWh/m²a
46, 21522, Centro, 1, 85501-250, 1519550, Paver,"
Apartamento", Pato Branco, Telha, Alvenaria, M064, 7, 01 quadra," Rua Pedro R de Mello, 166", Rede de Esgoto, -- : --, Paraná, Laje, LED, 1, Sim,https://www.moretti.imb.br/imovel/edif-agape-ii-novo-02-quartos-ref-m064/,," 15,00 M"," 15,00 M"," 42, 49 M"," 42,49 M", 372 m², 220.00 m2, Ágape II, 008, 0019, -- : --, 05, 103, Frente para o LESTE, Brasil, R$ 310.000 , 2, Uma sala com sacada., -- : --, Privativa, Cerâmica, -- : --, 01," R$ 200,00"," 294,03"," Aprox. R$ 45,00 / mês", ZR2, Individual, Bifásica kWh/m²a
47, 21510, Centro, 2, 85501-240, 1519550, -- : --,"
Escritório,", Paraná, Telha, Alvenaria, M068, 7, 01 quadra," Rua Itacolomi, 946", Rede de Esgoto, -- : --, Paraná, Laje, -- : --, 1, -- : --,https://www.moretti.imb.br/imovel/sala-comercial-83-m2-centro-ed-vega-ao-lado-edif-max-saude-ref-m068/,," 15,00 M"," 15,00 M"," 42, 49 M"," 42,49 M", 372 m², 83.00 m2, Vega, 015, 0039, -- : --, 03, Sala 303, Frente para o NORTE, Brasil, R$ 315.000 , 2, Uma sala ampla., -- : --, Sem Garagem, Porcelanato, -- : --, -- : --," R$ 200,00"," 294,03"," Aprox. R$ 45,00 / mês", ZR2, Individual, Bifásica kWh/m²a
48, 21399, Fraron, 3, 85503-410, 1519550, Paver,"
Casa", Pato Branco, Concreto Laje, Alvenaria, M070, 12, -- : --," Rua Vitelio Parzianelo, 1214", Fossa Séptica, -- : --, Paraná, Laje, -- : --, 1, Sim,https://www.moretti.imb.br/imovel/casa-alvenaria-bairro-fraron-proximo-fadep-e-utfpr-parte-alta-ref-m070/,," 15,00 M"," 15,00 M"," 42, 49 M"," 42,49 M", 378, 151.00 m2, Vega, 17, 1553, 01, -- : --, Sala 303, Frente para o OESTE, Brasil, R$ 480.000 , 4, sim, Muro, Privativa, Porcelanato, Terreno Plano, 02," R$ 200,00"," 294,03"," Aprox. R$ 45,00 / mês", ZR2, Individual, Bifásica kWh/m²a
49, 21497, Centro, 2, 85501-057, 1519550, Lajota,"
Loja,", Pato Branco, Concreto Laje, Alvenaria, M083, 4, 03 quadras," Av. Brasil, 694, esquina R Ibiporã", Rede de Esgoto, Sem Cobertura, Paraná, Laje, LED, 1, -- : --,https://www.moretti.imb.br/imovel/edif-shampion-loja-terrea-av-brasil-esquina-r-iguacu-proximo-policlinica-pb-ref-m083/,," 15,00 M"," 15,00 M"," 42, 49 M"," 42,49 M", 378, 91.00 m2, Shampion, 006, 0037, -- : --, Térreo, Sala 303, Frente para o NORTE, Brasil, Oferta R$ 315.000 , 4, Sala ampla 01 - Sala 02, -- : --, Privativa, Cerâmica, -- : --, 01, A confirmar," 294,03"," Aprox. R$ 45,00 / mês", ZR2, Coletiva, Bifásica kWh/m²a
50, 21412, Pinheiros, 3, 85504-374, 1519550, Paver,"
Apartamento", Pato Branco, Concreto Laje, Alvenaria, M082, 13, Mais de 05 quadras," Rua Salgado Filho, 230", Rede de Esgoto, Não se aplica a este imóvel, Paraná, Laje, -- : --, 1, Sim,https://www.moretti.imb.br/imovel/ed-dona-cesira-suite-3-quartos-area-220-m%c2%b2-2-vagas-de-garagens-ref-m082/,," 15,00 M"," 15,00 M"," 42, 49 M"," 42,49 M", 378, 221.00 m2, Dona Cesira, 003, 0088, 01, 13, 13 B, Frente para o NORTE, Brasil," De R$ 550.000,00 por   R$ 495.000 ", 3," Duas salas, uma com dois ambientes/sacada.", Muro com Cerca Metálica, Privativa, Madeira e Cerâmica, -- : --, 02, A confirmar," 294,03"," Aprox. R$ 45,00 / mês", ZR2, Coletiva, Bifásica kWh/m²a
51, 20406, Baixada, 3, 85505-143, 1519550, Cimento,"
Terreno", Pato Branco, Concreto Laje, Alvenaria, M058, 13, 02 quadras," Avenida Tupi, 3479", -- : --, -- : --, Paraná, -- : --, -- : --, 1, -- : --,https://www.moretti.imb.br/imovel/lote-09-quadra-180-avenida-tupi-baixada-com-1-51112-m%c2%b2-ref-m058/,," 15,00 M"," 15,00 M"," 42, 49 M"," 42,49 M", 378," 1,511.00 m2", Dona Cesira, 09, 180, -- : --, -- : --, 13 B, -- : --, Brasil, R$ 3.700.000 , 3," Duas salas, uma com dois ambientes/sacada.", -- : --, -- : --, -- : --, -- : --, -- : --, A confirmar," 294,03"," Aprox. R$ 45,00 / mês", ZR2, Individual, Bifásica kWh/m²a
52, 20407, Cadorin, 3, 85501-288, 1519550, -- : --,"
Terreno", Pato Branco, Concreto Laje, -- : --, M058, 13, 03 quadras, Rua Tapir, -- : --, -- : --, Paraná, -- : --, -- : --, 1, -- : --,https://www.moretti.imb.br/imovel/lotes-07-e-08-da-quadra-1399-com-1-250000-m%c2%b2-na-rua-tapir-ref-m061/,," 41,85"," 41,85", 30, 30, 378," 1,255.00 m2", Dona Cesira, 07 e 08, 1399, -- : --, -- : --, 13 B, Frente para o SUL, Brasil, R$ 650.000 , 3," Duas salas, uma com dois ambientes/sacada.", -- : --, -- : --, -- : --, Terreno Plano, -- : --, A confirmar," 294,03"," Aprox. R$ 45,00 / mês", ZR2, -- : --, Bifásica kWh/m²a
53, 20409, São Luiz, 3, 85504-299, 1519550, -- : --,"
Terreno", Pato Branco, Concreto Laje, -- : --, M060, 13, 04 quadras, Rua Arthur Bernardes, -- : --, -- : --, Paraná, -- : --, -- : --, 1, -- : --,https://www.moretti.imb.br/imovel/lote-06-quadra-1007-com-63720-m%c2%b2-bairro-sao-luiz-ref-m060/,, 15, 15," 42,48"," 42,48", 637, 637.00 m2, Dona Cesira, 06, 1007, -- : --, -- : --, 13 B, Frente para o LESTE, Brasil, R$ 350.000 , 3," Duas salas, uma com dois ambientes/sacada.", -- : --, -- : --, -- : --, -- : --, -- : --, A confirmar," 294,03"," Aprox. R$ 45,00 / mês", ZR2, -- : --, Bifásica kWh/m²a
54, 20410, Menino Deus, 3, 85502-180, 1519550, -- : --,"
Terreno", Pato Branco, Concreto Laje, -- : --, M045, 13, -- : --, Rua Frei Caneca Esquina Rua Pedro Lora, -- : --, -- : --, Paraná, -- : --, -- : --, 1, -- : --,https://www.moretti.imb.br/imovel/lote-esquina-400-m2-bairro-menino-deus-l-10-q-1039-ref-m045/,, 20, 20, 20, 20, 400, 400.00 m2, Dona Cesira, 10, 1039, -- : --, -- : --, 13 B, Frente para o NORTE, Brasil, R$ 220.000 , 3," Duas salas, uma com dois ambientes/sacada.", -- : --, -- : --, -- : --, Terreno com Declive, -- : --, A confirmar," 294,03"," Aprox. R$ 45,00 / mês", ZR III, -- : --, Bifásica kWh/m²a
55, 20423, São Francisco, 3, 85504-796, 1519550, -- : --,"
Terreno", Pato Branco, Concreto Laje, -- : --, M119, 13, -- : --, Rua Alceu Bengui Ribas, -- : --, -- : --, Paraná, -- : --, -- : --, 1, -- : --,https://www.moretti.imb.br/imovel/lote-residencial-urbano-ref-061-5/,, 15m², 15m², 25m², 25m², 375 m2, 400.00 m2, Dona Cesira, 14, 1402, -- : --, -- : --, 13 B, Frente para o SUL, Brasil, R$ 80.000 , 3," Duas salas, uma com dois ambientes/sacada.", -- : --, -- : --, -- : --, Terreno Plano, -- : --, A confirmar," 294,03"," Aprox. R$ 45,00 / mês", ZR-1, -- : --, Bifásica kWh/m²a
56, 20422, São Francisco, 3, 85504-796, 1519550, -- : --,"
Terreno", Pato Branco, Concreto Laje, -- : --, M116, 13, -- : --, Rua Delemo Caldato, -- : --, -- : --, Paraná, -- : --, -- : --, 1, -- : --,https://www.moretti.imb.br/imovel/lote-residencial-urbano-ref-061-8/,," 13,50m²", 20m²," 80,90m²"," 105,94m²", 2.436 m2, 400.00 m2, Dona Cesira, 10, 1402, -- : --, -- : --, 13 B, Frente para o OESTE, Brasil, De R$ 399.000 por  R$ 299.000 , 3," Duas salas, uma com dois ambientes/sacada.", -- : --, -- : --, -- : --, Terreno Plano, -- : --, A confirmar," 294,03"," Aprox. R$ 45,00 / mês", ZR3, -- : --, Bifásica kWh/m²a
57, 20417, São Francisco, 3, 85504-799, 1519550, -- : --,"
Terreno", Pato Branco, Concreto Laje, -- : --, M117, 13, -- : --, Rua Osmar Bertani, -- : --, -- : --, Paraná, -- : --, -- : --, 1, -- : --,https://www.moretti.imb.br/imovel/lote-residencial-urbano-ref-061-3/,, 20, 20, 44, 44, 2.436 m2, 880.00 m2, Dona Cesira, 08, 1523, -- : --, -- : --, 13 B, Frente para o LESTE, Brasil, R$ 170.000 , 3," Duas salas, uma com dois ambientes/sacada.", -- : --, -- : --, -- : --, Terreno Plano, -- : --, A confirmar," 294,03"," Aprox. R$ 45,00 / mês", ZR3, -- : --, Bifásica kWh/m²a
58, 20416, São Francisco, 3, 85504-799, 1519550, -- : --,"
Terreno", Pato Branco, Concreto Laje, -- : --, M118, 13, 03 quadras,  BR 158, -- : --, -- : --, Paraná, -- : --, -- : --, 1, -- : --,https://www.moretti.imb.br/imovel/terreno-urbano-para-industria-e-comercio-com-area-de-6-61838-m2-com-10300-m-de-frente-br-158-no-valor-de-r-2-250-00000-dois-milhoes-duzentos-e-cinquenta-mil-reais-ref-061/,," 103,53m²"," 101,70m²"," 49,24m²"," 31,80m²", 6.618m², 6.62 m2, Dona Cesira, 06, 1523, -- : --, -- : --, 13 B, Frente para o OESTE, Brasil, Valores de: R$ 330.000   a R$ 595.000, 3," Duas salas, uma com dois ambientes/sacada.", -- : --, -- : --, -- : --, Terreno Plano, -- : --, A confirmar," 294,03"," Aprox. R$ 45,00 / mês", ZR1, -- : --, Bifásica kWh/m²a
59, 20414, Loteamento Residencial Progresso, 3, 85504-799, 1519550, -- : --,"
Terreno", Bom Sucesso do Sul, Concreto Laje, -- : --, M118, 13, -- : --, Enio Ernesto Pilatti, -- : --, -- : --, Paraná, -- : --, -- : --, 1, -- : --,https://www.moretti.imb.br/imovel/terreno-em-bom-sucesso-do-sul-oferta-r-79-00000-no-loteamento-residencial-progresso/,," 28,98"," 101,70m²", 16, 16, 458.00 m2, 458.00 m2, Dona Cesira, 01, 61, -- : --, -- : --, 13 B, Frente para o NORTE, Brasil, R$ 79.000 , 3," Duas salas, uma com dois ambientes/sacada.", -- : --, -- : --, -- : --, Terreno Plano, -- : --, A confirmar," 294,03"," Aprox. R$ 45,00 / mês", ZR1, -- : --, Bifásica kWh/m²a
60, 20412, Loteamento Residencial Progresso, 3, 85505-429, 1519550, -- : --,"
Terreno", Pato Branco, Concreto Laje, -- : --, M118, 13, -- : --, Rua Valmor Campestrini, -- : --, -- : --, Paraná, -- : --, -- : --, 1, -- : --,https://www.moretti.imb.br/imovel/lote-vila-militar-parque-do-som-448-m2-rua-valmor-campestrini-matricula-35-090-1o-oficio-ref-m028/,, 14, 14, 32, 32, 448, 448.00 m2, Dona Cesira, 01, 1182, -- : --, -- : --, 13 B, Frente para o SUL, Brasil, R$ 170.000 , 3," Duas salas, uma com dois ambientes/sacada.", -- : --, -- : --, -- : --, Terreno com Declive, -- : --, A confirmar," 294,03"," Aprox. R$ 45,00 / mês", ZR-3, -- : --, Bifásica kWh/m²a
61, 20403," Brasília, Pinheiros", 3, 8550-040, 1519550, Paver,"
Casa", Pato Branco, Concreto Laje, Alvenaria, M023, 13, Mais de 05 quadras," Rua Arthur Bernardes, 55", Rede de Esgoto, Não se aplica a este imóvel, Paraná, Laje, -- : --, 1, Sim,https://www.moretti.imb.br/imovel/casa-de-alvenaria-em-frente-colegio-mater-dei-ref-m023/,, 15, 15, 22, 22, 330.00 m2, 240.00 m2, Dona Cesira, 11, 79, 01, Não se aplica a este imóvel, 13 B, Frente para o LESTE, Brasil, R$ 650.000 , 3, Sim, Muro com Cerca Metálica, Privativa, Cerâmica, Terreno com Declive, 02, A confirmar," 294,03"," Aprox. R$ 45,00 / mês", ZR-3, Individual, Bifásica kWh/m²a
62, 20400," Bortot, Vila Isabel", 3, 85504-295, 1519550, -- : --,"
Apartamento", Pato Branco, Concreto Laje, Alvenaria, M084, 10, 04 quadras," Rua Silveira Martins, esquina com Pedro Soares", Rede de Esgoto, -- : --, Paraná, Laje, -- : --, 1, Sim,https://www.moretti.imb.br/imovel/ed-rachel-de-queiroz-apartamento-em-fase-de-construcao-ref-018/,, 15, 15, 22, 22, 330.00 m2, 242.00 m2, Rachel de Queiroz, 007, 0663, 03, 02, 201, Frente para o NORTE, Brasil, R$ 746.000 , 3, 02 ambientes com sacada e churrasqueira, -- : --, Privativa, Madeira e Cerâmica, -- : --, 02, A confirmar," 294,03"," Aprox. R$ 45,00 / mês", ZR-3, Individual, Bifásica kWh/m²a
63, 18991, Centro, 1, 85504-295, 1519550, -- : --,"
Apartamento", Pato Branco, Concreto Laje, Alvenaria, M066, 7, 01 quadra," Rua Carlos Alberto Carraro, 50", -- : --, -- : --, Paraná, Laje, -- : --, 1, -- : --,https://www.moretti.imb.br/imovel/ed-rio-tamisa-apartamento-com-2-quartos-no-centro-ref-m066/,, 15, 15, 22, 22, 330.00 m2, 70.00 m2, Rio Tamisa, 15, 76, -- : --, 02, 201, Frente para o OESTE, Brasil, R$ 180.000 , 2, sim, -- : --, Privativa, Cerâmica, -- : --, 01," 170,00"," 294,03"," Aprox. R$ 45,00 / mês", ZR-3, Coletiva, Bifásica kWh/m²a
64, 18997, Jardim das Américas, 3, 85504-295, 1519550, -- : --,"
Apartamento", Pato Branco, Concreto Laje, Alvenaria, M018, 7, 02 quadras," Rua Argentina, 02", -- : --, -- : --, Paraná, -- : --, -- : --, 1, Sim,https://www.moretti.imb.br/imovel/ed-central-park-apartamento-alto-padrao-no-jardim-das-americas-ref-m018/,, 15, 15, 22, 22, 330.00 m2, 275.00 m2, Central Park, Chácara nº 176-F, 76, 01, -- : --, 201, Frente para o LESTE, Brasil, De R$ 890.000 por  R$   R$ 830.000 , 5, sim, -- : --, -- : --, Madeira e Cerâmica, -- : --, 02," 1500,00"," 294,03"," Aprox. R$ 45,00 / mês", ZR-3, Individual, Bifásica kWh/m²a
65, 18998, Centro, 3, 85504-295, 1519550, -- : --,"
Apartamento", Pato Branco, Concreto Laje, Alvenaria, M038, 14, 01 quadra," Rua Pedro Ramires de Mello, 20", -- : --, -- : --, Paraná, -- : --, -- : --, 1, Sim,https://www.moretti.imb.br/imovel/ed-verissimo-rizzi-apartamento-com-suite-2-quartos-no-centro-ref-m038/,, 15, 15, 22, 22, 330.00 m2, 193.00 m2, Veríssimo Rizzi, 01, 09, 01, -- : --, 201, -- : --, Brasil, R$ 550.000 , 4, sim, -- : --, -- : --, Madeira e Cerâmica, -- : --, 01," 450,00"," 465,35 com coleta de lixo"," Aprox. R$ 45,00 / mês", ZR-3, Coletiva, Bifásica kWh/m²a
66, 19064, Centro, 2, 85504-295, 1519550, -- : --,"
Apartamento", Pato Branco, Concreto Laje, -- : --, M002, 14, 02 quadras," Rua Marins Camargo, 90", -- : --, -- : --, Paraná, -- : --, -- : --, 1, Sim,https://www.moretti.imb.br/imovel/ed-marins-camargo-apartamento-com-suite-no-centro-ref-m002/,, 15, 15, 22, 22, 330.00 m2, 87.00 m2, Marins Camargo, 01, 09, 01, 06, 201, Frente para o OESTE, Brasil, R$ 340.000 , 3, sim, -- : --, Privativa, Madeira e Cerâmica, -- : --, 01," 250,00"," 465,35 com coleta de lixo"," Aprox. R$ 45,00 / mês", ZR-3, Individual, Bifásica kWh/m²a
67, 19794, Centro, 2, 85504-295, 1519550, -- : --,"
Apartamento", Pato Branco, Concreto Laje, Alvenaria, M039, 10, 02 quadras," Rua Jaciretã, 88", -- : --, -- : --, Paraná, -- : --, -- : --, 1, Sim,https://www.moretti.imb.br/imovel/ed-los-angeles-apartamento-com-suite-1-quarto-no-centro-ref-m039/,, 15, 15, 22, 22, 330.00 m2, 127.00 m2, Los Angeles, 01, 09, 01, 02, 202, Frente para o NORTE, Brasil," Oferta de R$ 300.000 Por 275.000,00", 2, sim, -- : --, Privativa, Cerâmica, -- : --, 01," 250,00"," 465,35 com coleta de lixo"," Aprox. R$ 45,00 / mês", ZR-3, Coletiva, Bifásica kWh/m²a
68, 19796, Santa Terezinha, 2, 85504-295, 1519550, Lajota,"
Casa", Pato Branco, Telha, Alvenaria, M093, 10, 04 quadras," Rua Xavantes, 873", Rede de Esgoto, -- : --, Paraná, Madeira, -- : --, 1, Sim,https://www.moretti.imb.br/imovel/vende-casa-alvenaria-135-m2-lote-450-m2-bairro-santa-terezinha-pato-branco/,, 15, 15, 30, 30, 450, 135.00 m2, Los Angeles, 002, 0339, -- : --, -- : --, 202, Frente para o NORTE, Brasil, De R$ 350.000 por   R$ 315.000 , 3, Uma sala 02 ambientes, Muro com Cerca Metálica, Privativa, Cerâmica, Terreno Plano, 02," 250,00"," 465,35 com coleta de lixo"," Aprox. R$ 45,00 / mês", ZR-3, Individual, Bifásica kWh/m²a
69, 19795, Fraron, 2, 85503-248, 1519550, Paver,"
Casa,", Pato Branco, Telha, Alvenaria, M022, 10, Mais de 05 quadras," Rua Sabina de Barba, 100", Rede de Esgoto, Não se aplica a este imóvel, Paraná, Laje, LED, 1, Sim,https://www.moretti.imb.br/imovel/sobrado-bairro-fraron-suite-mais-2-quartos-todos-comodos-mobiliados/,, 15, 15, 30, 30, 186, 150.00 m2, Los Angeles, 05, 1415, 01, Não se aplica a este imóvel, 202, Frente para o SUL, Brasil, R$ 512.000 , 3, Sim, Muro com Cerca Metálica, Privativa, Porcelanato, Não se aplica a este imóvel, 02," 250,00"," 465,35 com coleta de lixo"," Aprox. R$ 45,00 / mês", ZR-3, Individual, Bifásica kWh/m²a
70, 19782, Fraron, 2, 85503-248, 1519550, -- : --,"
Chácara", Vitorino, Telha, -- : --, M022, 10, -- : --, Vitorino PR, -- : --, -- : --, Paraná, -- : --, -- : --, 1, -- : --,https://www.moretti.imb.br/imovel/terreno-rural-em-vitorino-pr-proximo-pr-280-matricula-12-138-com-benfeitorias-valor-r-295-00000/,, 15, 15, 30, 30," 36,300.00 m2"," 36,300.00 m2", Los Angeles, 05, 1415, -- : --, -- : --, 202, -- : --, Brasil, R$ 295.000 , 3, Sim, -- : --, -- : --, -- : --, -- : --, -- : --," 250,00"," 465,35 com coleta de lixo"," Aprox. R$ 45,00 / mês", ZR-3, -- : --, Bifásica kWh/m²a
71, 19781, Baixada Industrial, 2, 85506540, 1519550, Paver,"
Barracão,", Pato Branco, Aço zincado, Alvenaria, M047, 10, 01 quadra," Rua Dr. Beltrão, 615", Rede de Esgoto, Sem Cobertura, Paraná, -- : --, -- : --, 1, -- : --,https://www.moretti.imb.br/imovel/investimento-barracao-de-alvenaria-com-453-m2-terreno-1437-m2-baixada-industrial-pato-branco/, Área Construída de 453 m²," 27,75 metros"," 36,50 metros", 41 metros, 49 metros, Área de 1.437 m², 453.00 m2, Los Angeles, 025, 0248, -- : --, -- : --, 202, Frente para o SUL, Brasil, R$ 1.200.000 , 3, Sim, -- : --, -- : --, Cimento, Terreno Plano, -- : --," 250,00"," 465,35 com coleta de lixo"," Aprox. R$ 45,00 / mês", ZR2, Individual, Bifásica kWh/m²a
72, 19095," Centro, Santa Terezinha", 1, 85501-090, 1519550, Paver,"
Apartamento", Pato Branco, Aço zincado, Alvenaria, M074, 8, 02 quadras," Rua Paraná, 605", Rede de Esgoto, -- : --, Paraná, Laje, -- : --, 1, Sim,https://www.moretti.imb.br/imovel/ed-modena-park-apartamento-com-3-quartos-no-centro-ref-m074/, Área Construída de 453 m²," 27,75 metros"," 36,50 metros", 41 metros, 49 metros, Área de 1.437 m², 96.00 m2, Modena Park, 16, 87, -- : --, 02, 204, Frente para o SUL, Brasil, R$ 210.000 , 3, Dois ambientes com sacada, -- : --, Privativa, Madeira e Cerâmica, -- : --, 01," 190,00"," 465,35 com coleta de lixo"," Aprox. R$ 45,00 / mês", ZR2, Coletiva, Bifásica kWh/m²a
73, 18987, Centro, 4, 85501-065, 1519550, -- : --,"
Apartamento", Pato Branco, Aço zincado, Alvenaria, M016, 12, 01 quadra," Av. Tupi, 2692", Rede de Esgoto, -- : --, Paraná, Gesso, LED, 1, Sim,https://www.moretti.imb.br/imovel/ed-vivaldi-apartamento-alto-padrao-no-centro-ref-m016/, Área Construída de 453 m²," 27,75 metros"," 36,50 metros", 41 metros, 49 metros, Área de 1.437 m², 424.00 m2, Vivaldi, 03, 013, 03, -- : --, 204, Frente para o NORTE, Brasil, R$ 210.000 , 3, Dois ambientes com sacada, -- : --, Privativa, -- : --, -- : --, 03, A confirmar, A confirmar," Aprox. R$ 45,00 / mês", ZC1, Individual, Bifásica kWh/m²a
74, 18999," Centro, Santa Terezinha", 2, 85501-230, 1519550, -- : --,"
Apartamento", Pato Branco, Aço zincado, Alvenaria, M071, 9, 02 quadras," Rua Xingu, 345 ", Rede de Esgoto, -- : --, Paraná, Laje, -- : --, 1, Sim,https://www.moretti.imb.br/imovel/ed-theomar-apartamento-com-suite-2-quartos-ref/, Área Construída de 453 m²," 27,75 metros"," 36,50 metros", 41 metros, 49 metros, Área de 1.437 m², 103.00 m2, Theomar, 03, 013, 01, 04, 404 Bloco 3, Frente para o LESTE, Brasil, Oferta:  R$ 197.500 , 3, Dois ambientes com sacada, -- : --, Compartilhada, Madeira e Cerâmica, -- : --, 01," 450,00 Aproximadamente", A confirmar," Aprox. R$ 45,00 / mês", ZC1, Coletiva, Bifásica kWh/m²a
75, 18992, Pinheiros, 4, 85501-230, 1519550, Paver,"
Casa", Pato Branco, Telha de concreto, Alvenaria, M029, 15, -- : --," Rua Jose Cattani, 669", Rede de Esgoto, Não se aplica a este imóvel, Paraná, Laje, -- : --, 1, Sim,https://www.moretti.imb.br/imovel/casa-230-m2-bairro-pinheiros-com-piscina-ref-029/, Área Construída de 453 m²," 27,75 metros"," 36,50 metros", 41 metros, 49 metros, 514, 260.00 m2, Theomar, 13, 572, 01, -- : --, 404 Bloco 3, Frente para o LESTE, Brasil, Oferta:  R$ 197.500 , 3, Sim, Muro com Cerca Metálica, Privativa, Parquet, -- : --, 02," 450,00 Aproximadamente", A confirmar," Aprox. R$ 45,00 / mês", ZC1, Individual, Bifásica kWh/m²a
76, 19788, Centro, 2, 85501-050, 1519550, -- : --,"
Apartamento", Pato Branco, Telha de concreto, Alvenaria, M044, 15, 01 quadra," Rua Pedro Ramires de Mello, 20", -- : --, -- : --, Paraná, -- : --, -- : --, 1, Sim,https://www.moretti.imb.br/imovel/ed-verissimo-rizzi-apartamento-com-suite-2-quartos-semi-mobiliado-ref-1626-001/, Área Construída de 453 m²," 27,75 metros"," 36,50 metros", 41 metros, 49 metros, 514, 140.00 m2, Veríssimo Rizzi, 13, 572, 01, 05, 502, Frente para o SUL, Brasil, Oferta: De R$ 315.000 por R$ 295.000 , 4, Dois ambientes com sacada, -- : --, Compartilhada, Madeira e Cerâmica, -- : --, 01," 450,00", A confirmar," Aprox. R$ 45,00 / mês", ZC1, Coletiva, Bifásica kWh/m²a
77, 18984," Cristo Rei, Santa Terezinha", 4, 85501-050, 1519550, Paver,"
Casa,", Pato Branco, Telha cimento, Alvenaria, M070, 15, -- : --," Rua Visconde de Tamandaré, 248", Rede de Esgoto, Não se aplica a este imóvel, Paraná, Laje, -- : --, 1, Sim,https://www.moretti.imb.br/imovel/alto-padrao-330-m%c2%b2-terreno-47180-m%c2%b2-piscina-salao-de-festas-rua-visconde-de-tamandare-bairro-santa-terezinha-valor-sob-consulta/, Área Construída de 453 m²," 27,75 metros"," 36,50 metros", 41 metros, 49 metros, 472 m², 330.00 m2, Veríssimo Rizzi, 028, 0116, 01, Não se aplica a este imóvel, 502, Frente para o OESTE, Brasil, Oferta: De R$ 315.000 por R$ 295.000 , 4, 04, Muro com Cerca Metálica, Privativa, -- : --, Terreno Plano, 02," 450,00", A confirmar," Aprox. R$ 45,00 / mês", ZR-3, Individual, Bifásica kWh/m²a
78, 18924," La Salle, Parque do Som", 3, 85504-060, 1519550, Pedra,"
Casa", Pato Branco, Aço zincado, Alvenaria, M023, 11, -- : --," Maria Bombarda Oldoni, 163", -- : --, -- : --, Paraná, Laje, -- : --, 1, Sim,https://www.moretti.imb.br/imovel/casa-com-excelente-padrao-construtivo-bairro-parque-do-som-com-moveis-planejados-e-piscina-ref-m023/, Área Construída de 453 m², 13 metros, 13 metros, 30 metros, 30 metros, 390, 193.00 m2, Veríssimo Rizzi, 028, 0116, 03, -- : --, 502, Frente para o OESTE, Brasil, R$ 850.000 , 3, Dois ambientes e escritório, Muro, -- : --, Porcelanato, Terreno Plano, 02," 450,00", A confirmar," Aprox. R$ 45,00 / mês", ZR-3, -- : --, Bifásica kWh/m²a
79, 18887, La Salle, 3, 85504-060, 1519550, Paver,"
Casa", Pato Branco, Telha de Concreto, Alvenaria, M056, 16, -- : --," Presidente Medici, 425", Rede de Esgoto, Não se aplica a este imóvel, Paraná, Laje, LED, 1, Sim,https://www.moretti.imb.br/imovel/casa-alto-padrao-bairro-la-salle-parte-alta-ref-m056-2/, Área Construída de 453 m², 15, 15, Sul 30 metros, Norte 30 metros, 450, 271.00 m2, Veríssimo Rizzi, 02, 1573, 01, Não se aplica a este imóvel, 502, Frente para o OESTE, Brasil, R$ 850.000 , 3, Sim, Muro com Cerca Metálica, Privativa, Porcelanato, -- : --, 02," 450,00", A confirmar," Aprox. R$ 45,00 / mês", ZR2, Individual, Bifásica kWh/m²a
80, 18564, Centro, 4, 85501-067, 1519550, Paver,"
Apartamento", Pato Branco, Telha de Concreto, -- : --, M, 11, -- : --," Rua Tamoio, 393, Centro", -- : --, -- : --, Paraná, Gesso, -- : --, 1, Sim,https://www.moretti.imb.br/imovel/apartamento-novo-central-com-3-suites-e-duas-vagas-de-garagem-privativas-ref-m067/, Área Construída de 453 m², 15, 15, Sul 30 metros, Norte 30 metros, 450, 238.00 m2, Emanuell, 004, 0041, 03, 02, 302, Frente para o OESTE, Brasil, R$ 640.000 , 3, 02 ambientes integrados com cozinha, -- : --, Privativa, Porcelanato, -- : --, 02," R$ 290,00", A confirmar," Aprox. R$ 45,00 / mês", ZR2, Individual, Bifásica kWh/m²a
81, 18563, Santa Terezinha, 2, 85501-190, 1519550, Paver,"
Apartamento", Pato Branco, Telha de Concreto, Alvenaria, M029, 8, 02 quadras, Rua João Pessoa Esquina com Rua Dr Beltrão, Rede de Esgoto, -- : --, Paraná, Laje, -- : --, 1, Sim,https://www.moretti.imb.br/imovel/apartamento-novo-bairro-santa-terezinha-com-1-suite-2-quartos-novo-pronto-para-morar-ref-m029/, Área Construída de 453 m², 15, 15, Sul 30 metros, Norte 30 metros, 450, 136.00 m2, Érico Veríssimo, 005, 0149, 01, 03, Aptº 302, Frente para o NORTE, Brasil, R$ 366.000 , 3, 01 com 02 ambientes e sacada com churrasqueira, -- : --, Privativa, Alto Tráfego, -- : --, 01," R$ 260,00", A confirmar," Aprox. R$ 45,00 / mês", ZR2, Individual, Bifásica kWh/m²a
