,Anúncio Nº :,Bairro:,Banheiros:,CEP:,Calçada:,Categoria,Cidade:,Cobertura:,Construção:,Código do Imóvel:,Cômodos:,Distância Ponto de Ônibus:,Endereço:,Esgoto:,Estacionamento:,Estado:,Forro:,Iluminação Interna:,Lavabo:,Lavanderia:,Link,Metragem Barracão:,Metragem Terreno:,Metragem do Imóvel:,Nome do Edifício:,Número Lote:,Número Quadra:,Número de Suítes:,Número do Andar:,Número do Apto.:,Orientação Solar:,País:,Price:,Quartos:,Salas:,Tipo de Cercado:,Tipo de Garagem:,Tipo de Piso:,Topografia do Terreno:,Vagas de Garagam:,Valor Aprox. Condomínio:,Valor Aprox. IPTU:,Valor Aprox. Seguro:,Água:
0, 25270," Baixada, La Salle", 1, 85505-110, Paver,"
Casa", Paraná,, Alvenaria, 1326.005,, 03 quadras," Rua Francisco Gabriel Neto, 50", Rede de Esgoto,, Paraná, PVC,,, Sim,https://www.moretti.imb.br/imovel/casa-de-alvenaria-com-2-quartos-no-bairro-la-salle-ref-1326-005/,,, 70.00 m2,,,,,,, Frente para o NORTE, Brasil, R$ 950 , 2, 01, Muro com Cerca Metálica,, Cerâmica,, 01,, Por conta do locatário," Aprox. R$ 35,00 a parcela mensal", Individual
1, 25199, Centro, 1, 85505-110, Paver,"
Apartamento", Pato Branco,, Alvenaria, 1326.005,, 02 quadras," Rua Tamoio, 800", Rede de Esgoto,, Paraná, PVC,,, Sim,https://www.moretti.imb.br/imovel/ed-iguatemi-apartamento-com-2-quartos-cozinha-com-armarios-pia-e-fogao-cooktop-no-centro-ref-1281-003/,,, 70.00 m2, Iguatemi,,,, 06, 604, Frente para o NORTE, Brasil, R$ 900 , 2, sim, Muro com Cerca Metálica,, Cerâmica,, 01," 250,00", Por conta do locatário," 15,00", Coletiva
2, 25198, Santa Terezinha, 1, 85505-110, Paver,"
Apartamento", Pato Branco,, Alvenaria, 193.001,, 02 quadras," Rua Genuino Piacentini, 273", Rede de Esgoto,, Paraná, Laje,,, Sim,https://www.moretti.imb.br/imovel/ed-alexandres-apartamento-com-2-quartos-vaga-de-garagem-ref-193-001/,,, 52.00 m2, Alexandre's,,,, 02, 201 - bloco 3, Frente para o OESTE, Brasil, R$ 550 , 2, sim, Muro com Cerca Metálica,, Cerâmica,, 01," 200,00", Por conta do locatário," 15,00", Coletiva
3, 25184, Santa Terezinha, 1, 85505-110, Cimento,"
Apartamento", Pato Branco,, Alvenaria, 200.001, 7, 02 quadras," Genuino Piacentini, 273", Rede de Esgoto, Sem Cobertura, Paraná, Laje,,, Sim,https://www.moretti.imb.br/imovel/edif-alexandres-apartamento-com-03-quartos-no-santa-terezinha-ref-200-001/,,, 72.00 m2, Res. Alexandre's,,, Não há, 03, 304, Frente para o OESTE, Brasil, R$ 680 , 3, Sim, Cerca Metálica, Privativa, Cerâmica, Não se aplica a este imóvel, 01," Aprox: R$ 200,00", Por conta do locatário," Aprox: 20,00", Coletiva
4, 25152, Fraron, 1, 85505-110, Paver,"
Apartamento", Pato Branco,, Alvenaria, 1188, 7, 03 quadras," Rua Clevelândia, 1050", Rede de Esgoto, Sem Cobertura, Paraná, Laje,,, Sim,https://www.moretti.imb.br/imovel/ed-betel-apartamento-com-2-quartos-no-bairro-fraron-ref-1188/,,, 80.00 m2, Betel,,, Não há, Térreo, 104, Frente para o OESTE, Brasil, R$ 640 , 2, sim, Cerca Metálica, Privativa, Cerâmica, Não se aplica a este imóvel, 01," 170,00", Por conta do locatário," 20,00", Individual
5, 25148, Centro, 2, 85505-110, Paver,"
Sala", Pato Branco,, Alvenaria, 132.006, 7, 02 quadras," Avenida Tupi, 2377", Rede de Esgoto, Sem Cobertura, Paraná, Laje,,, Sim,https://www.moretti.imb.br/imovel/sala-comercial-1o-andar-na-avenida-tupi-centro-ref-132-006/,,, 170.00 m2, Betel,,, Não há, 01, 104, Frente para o OESTE, Brasil, R$ 3.000 , 2, 04, Cerca Metálica, Privativa, Cerâmica, Não se aplica a este imóvel, 01," 170,00", Por conta do locatário, Sob consulta, Individual
6, 25149, Centro, 1, 85505-110, Paver,"
Apartamento", Pato Branco,, Alvenaria, 591.002, 5, 02 quadras," Tapajós 312, ", Rede de Esgoto, Sem Cobertura, Paraná, Laje, Não se aplica a este imóvel,, Sim,https://www.moretti.imb.br/imovel/edif-canaa-apartamento-com-1-quarto-no-centro-ref-591-002/,,, 71.00 m2, Canaã,,, Não há, 01, 102, Frente para o OESTE, Brasil, R$ 680 , 1, Sim, Cerca Metálica, Privativa, Cerâmica, Não se aplica a este imóvel, 01," 170,00"," R$ 200,00"," R$ 30,00", Coletiva
7, 25145, Menino Deus, 1, 85505-110, Paver,"
Casa", Paraná,, Alvenaria, 1009.002, 5, 02 quadras," Rua Timbiras, 400", Rede de Esgoto, Sem Cobertura, Paraná, PVC, Não se aplica a este imóvel,, Sim,https://www.moretti.imb.br/imovel/casa-de-alvenaria-com-2-quartos-no-bairro-menino-deus-ref-1009-002/,,, 70.00 m2, Canaã,,, Não há, 01, 102, Frente para o SUL, Brasil, R$ 1.100 , 2, 01, Muro com Cerca Metálica, -- : --, Cerâmica, Não se aplica a este imóvel, 01," 170,00", Por conta do locatário," Aprox. R$ 23,00 a parcela mensal", Individual
8, 25134, Centro, 2, 85505-110, Lajota,"
Loja", Pato Branco,, Alvenaria, 1009.002, 5, 01 quadra," Rua Osvaldo Aranha, 240", Rede de Esgoto, Sem Cobertura, Paraná, Laje, Não se aplica a este imóvel,, Sim,https://www.moretti.imb.br/imovel/ed-dal-molin-loja-terrea-com-200m%c2%b2-ref/,,, 200.00 m2, Dal Molin,,, Não há, 01, 102, Frente para o SUL, Brasil, R$ 3.000 , 2, 01, Muro com Cerca Metálica, -- : --, Cerâmica, Não se aplica a este imóvel, 01," 250,00", Por conta do locatário," Aprox. R$ 23,00 a parcela mensal", Coletiva
9, 25071, Centro, 4, 85501-067, Paver,"
Apartamento", Pato Branco,, Alvenaria, 1009.002, 10, 01 quadra," Rua Tamoio, 393", Rede de Esgoto, Sem Cobertura, Paraná, Gesso, Não se aplica a este imóvel, 1, Sim,https://www.moretti.imb.br/imovel/apartamento-novo-central-com-3-suites-e-duas-vagas-de-garagem-privativas/,,, 238.00 m2, Emanuell, 004, 0041, 03, 02, 202, Frente para o SUL, Brasil," Locação: R$ 2.500 Venda: R$ 640.000,00", 3, sim, Muro com Cerca Metálica, Privativa, Madeira e Cerâmica, Não se aplica a este imóvel, 02," 290,00", Por conta do locatário," Aprox. R$ 23,00 a parcela mensal", Individual
10, 25018, Centro, 4, 85501-067, Paver,"
Apartamento", Pato Branco,, Alvenaria, 1009.002, 10, 02 quadras," Rua Itabira, 1315", Rede de Esgoto, Sem Cobertura, Paraná, Gesso, Não se aplica a este imóvel, 1, Sim,https://www.moretti.imb.br/imovel/disponivel-para-outubro-2019-ed-frei-policarpo-apartamento-com-suite-2-quartos-no-centro-ref-1063-004/,,, 222.00 m2, Frei Policarpo, 004, 0041, 01, 10, 1002, Frente para o SUL, Brasil, R$ 950 , 4, sim, Muro com Cerca Metálica, Privativa, Madeira e Cerâmica, Não se aplica a este imóvel, 02," 950,00", Por conta do locatário," 30,00", Coletiva
11, 25013, Menino Deus, 1, 85501-067, Lajota,"
Casa", Pato Branco, Eternit, Mista, 1462, 10, 02 quadras," Rua Itacolomi, 2230", Rede de Esgoto, Sem Cobertura, Paraná, Madeira, Não se aplica a este imóvel, 1, Sim,https://www.moretti.imb.br/imovel/casa-mista-com-3-quartos-no-bairro-menino-deus-ref-1462/,,, 100.00 m2, Frei Policarpo, 004, 0041, 01, 10, 1002, Frente para o LESTE, Brasil, R$ 1.100 , 3, sim, Muro com Cerca Metálica, Privativa, Madeira e Cerâmica, Não se aplica a este imóvel, 01," 950,00", Por conta do locatário," 30,00", Individual
12, 25002, Fraron, 1, 85501-067, Lajota,"
Apartamento", Pato Branco, Eternit, Alvenaria, 1461, 6, 03 quadras," Campo Seguro, 83", Rede de Esgoto, Sem Cobertura, Paraná, Laje, Não se aplica a este imóvel, 1, Sim,https://www.moretti.imb.br/imovel/ed-jerusalem-apartamento-com-cozinha-sob-medida-vaga-de-garagem/,,, 60.00 m2, Jerusalem, 004, 0041, Não há, 02, 203, Frente para o LESTE, Brasil, R$ 700 , 2, Sim, Cerca Metálica, Privativa, Porcelanato, Não se aplica a este imóvel, 01," 150,00", Por conta do locatário," R$ 30,00", Individual
13, 24991, Centro, 1, 85501-067, Lajota,"
Apartamento", Pato Branco, Eternit, Alvenaria, 14.011, 6, 01 quadra," Avenida Tupi, 3056", Rede de Esgoto, Sem Cobertura, Paraná, Laje, Não se aplica a este imóvel, 1, Sim,https://www.moretti.imb.br/imovel/ed-bolson-apartamento-2-quartos-no-centro-ao-lado-da-faculdade-mater-dei-ref-14-011/,,, 50.00 m2, Bolson, 004, 0041, Não há, 01, 03, Frente para o LESTE, Brasil, R$ 600  , 2, sim, Cerca Metálica, Privativa, Cerâmica, Não se aplica a este imóvel, 01," 150,00", Por conta do locatário," 13,00", Coletiva
14, 24990, Centro, 1, 85501-067, Lajota,"
Apartamento", Pato Branco, Eternit, Alvenaria, 14.013, 6, 01 quadra," Avenida Tupi, 3056", Rede de Esgoto, Sem Cobertura, Paraná, Laje, Não se aplica a este imóvel, 1, Sim,https://www.moretti.imb.br/imovel/ed-bolson-apartamento-2-quartos-no-centro-ao-lado-da-faculdade-mater-dei-ref-14-013/,,, 50.00 m2, Bolson, 004, 0041, Não há, 01, 01, Frente para o LESTE, Brasil, R$ 600 , 2, sim, Cerca Metálica, Privativa, Cerâmica, Não se aplica a este imóvel, 01," 150,00", Por conta do locatário," 13,00", Coletiva
15, 24908, São Francisco, 2, 85501-067, Lajota,"
Casa", Paraná, Eternit, Madeira, 1455, 6, 01 quadra," Rua Gelmino Martignoni, 360 ( Rua Aquiles Bet)", Rede de Esgoto, Sem Cobertura, Paraná, Laje, Não se aplica a este imóvel, 1, Sim,https://www.moretti.imb.br/imovel/casa-de-madeira-com-1-suite-2-quartos-no-bairro-sao-francisco-ref-1455/,, 139.00 m2, 50.00 m2, Bolson, 004, 0041, 01, 01, 01, Frente para o LESTE, Brasil, R$ 890 , 3, 01, Cerca Metálica, Privativa, Madeira, Não se aplica a este imóvel, 01," 150,00", Por conta do locatário, Sob consulta, Individual
16, 24906, Santa Terezinha, 2, 85501-067, Paver,"
Apartamento", Pato Branco, Eternit, Alvenaria, 1459, 6, 01 quadra," Visconde de Tamandaré, 175", Rede de Esgoto, Sem Cobertura, Paraná, Laje, Não se aplica a este imóvel, 1, Sim,https://www.moretti.imb.br/imovel/cond-village-4-estacoes-apartamento-com-suite-1-quarto-cozinha-com-armarios-e-pia-no-bairro-santa-terezinha-ref-1459/,, 139.00 m2, 78.00 m2, Village 4 Estações, 004, 0041, 01, 01, 403 A, Frente para o LESTE, Brasil, R$ 890 , 2, sim, Cerca Metálica, Privativa, Cerâmica, Não se aplica a este imóvel, 01," 200,00", Por conta do locatário," 20,00", Individual
17, 24825, Bortot, 1, 85501-067, Paver,"
Apartamento", Pato Branco, Eternit, Alvenaria, 1032.002, 6, 01 quadra," Rua Vereador Alberto Geron, 94", Rede de Esgoto, Sem Cobertura, Paraná, Laje, Não se aplica a este imóvel, 1, Sim,https://www.moretti.imb.br/imovel/apartamento-de-3-quartos-com-garagem-no-bairro-bortot-ref-1032-002/,, 139.00 m2, 90.00 m2, Village 4 Estações, 004, 0041, 01, Térreo, 102, Frente para o LESTE, Brasil, R$ 870 , 3, 01, Muro com Cerca Metálica, Compartilhada, Cerâmica, Não se aplica a este imóvel, 01," 200,00", Por conta do locatário," Aprox. R$ 17,70 a parcela mensal", Individual
18, 24826, Brasília, 1, 85501-067, Paver,"
Casa", Pato Branco, Eternit, Madeira, 360.008, 6, 03 quadras," Itapuã, 1236", Rede de Esgoto, Sem Cobertura, Paraná, Madeira, Não se aplica a este imóvel, 1, Sim,https://www.moretti.imb.br/imovel/casa-de-madeira-com-03-quartos-no-bairro-bancarios-ref-360-008/,, 139.00 m2, 100.00 m2, Village 4 Estações, 004, 0041, 01, Térreo, 102, Frente para o LESTE, Brasil, R$ 600 , 3, Sim, Aberta, Compartilhada, Madeira, Não se aplica a este imóvel, 01," 200,00", Por conta do locatário," Aprox. R$ 17,70 a parcela mensal", Individual
19, 24780, Centro, 1, 85501-067, Paver,"
Apartamento", Pato Branco, Eternit, Madeira, 1259.001, 6, 02 quadras," Assis Brasil, 650", Rede de Esgoto, Sem Cobertura, Paraná, Laje, Não se aplica a este imóvel, 1, Sim,https://www.moretti.imb.br/imovel/ed-dona-alexandrina-apartamento-com-02-quartos-no-bairro-brasilia-ref-1259-001/,, 139.00 m2, 80.00 m2, Dona Alexandrina, 004, 0041, Não há, 03, 10, Frente para o LESTE, Brasil, R$ 850 , 2, Sim, Aberta, Privativa, Cerâmica, Não se aplica a este imóvel, 01," Aprox: 170,00", Por conta do locatário," R$ 30,00", Individual
20, 24765, Centro, 1, 85501-067, Paver,"
Apartamento", Pato Branco, Eternit, Alvenaria, 1302, 5, 03 quadras," Rua Marins Camargo, 30", Rede de Esgoto, Sem Cobertura, Paraná, Laje, Não se aplica a este imóvel, 1, Sim,https://www.moretti.imb.br/imovel/ed-pietro-sordi-apartamento-de-01-quarto-ref-1302/,, 139.00 m2, 60.00 m2, Pietro Sordi, 004, 0041, Não há, 02, 203, Frente para o LESTE, Brasil, R$ 680 , 1, Sim, Não se aplica a este imóvel, Compartilhada, Cerâmica, Não se aplica a este imóvel, 01," Aprox: 150,00", Por conta do locatário," R$ 30,00", Coletiva
21, 24765, Centro, 1, 85501-067, Paver,"
Apartamento", Pato Branco, Eternit, Alvenaria, 1302, 5, 03 quadras," Rua Marins Camargo, 30", Rede de Esgoto, Sem Cobertura, Paraná, Laje, Não se aplica a este imóvel, 1, Sim,https://www.moretti.imb.br/imovel/ed-pietro-sordi-apartamento-de-01-quarto-ref-1302/,, 139.00 m2, 60.00 m2, Pietro Sordi, 004, 0041, Não há, 02, 203, Frente para o LESTE, Brasil, R$ 680 , 1, Sim, Não se aplica a este imóvel, Compartilhada, Cerâmica, Não se aplica a este imóvel, 01," Aprox: 150,00", Por conta do locatário," R$ 30,00", Coletiva
22, 24687, Industrial, 1, 85501-067, Paver,"
Apartamento", Pato Branco, Eternit, Alvenaria, 1302, 6, 03 quadras," Rua Dr. Beltrão, 600", Rede de Esgoto, Sem Cobertura, Paraná, Laje, Não se aplica a este imóvel, 1, Sim,https://www.moretti.imb.br/imovel/ed-alan-eber-do-nascimento-apartamento-com-02-quartos-no-bairro-industrial-ref-1338-003/,, 139.00 m2, 103.00 m2, Alan Eber Do Nascimento, 004, 0041, Não há, 01, 103, Frente para o LESTE, Brasil, R$ 700 , 2, Sim, Não se aplica a este imóvel, Privativa, Cerâmica, Não se aplica a este imóvel, 01," Aprox: R$ 150,00", Por conta do locatário," R$ 30,00", Coletiva
23, 24563, Brasília, 1, 85504-027, Lajota,"
Casa,", Pato Branco, Eternit, Alvenaria, 162.021, 5, 05 quadras," Brasilia, 815", Rede de Esgoto, Sem Cobertura, Paraná, Laje, Não se aplica a este imóvel, 1, Sim,https://www.moretti.imb.br/imovel/casa-de-alvenaria-no-bairro-brasilia-ref-162-021/,, 139.00 m2, 70.00 m2, Alan Eber Do Nascimento, 004, 0041, Não há, 01, 103, Frente para o LESTE, Brasil, R$ 950 , 3, sim, Muro com Cerca Metálica, Compartilhada, Cerâmica, Não se aplica a este imóvel, 01," Aprox: R$ 150,00", Por conta do locatário," Aprox. R$ 50,00", Coletiva
24, 24302, Centro, 1, 85504-027, Paver,"
Apartamento", Paraná, Eternit, Alvenaria, 1448, 5, 01 quadra," Rua Itabira, 1505", Rede de Esgoto, Sem Cobertura, Paraná, Laje, Não se aplica a este imóvel, 1, Sim,https://www.moretti.imb.br/imovel/edif-tres-marias-apartamento-novo-com-2-quartos-no-centro-ref-1448/,, 139.00 m2, 89.00 m2, Três Marias, 8, 0041, Não há, 01, 802, Frente para o LESTE, Brasil, R$ 1.300 , 2, sim, Muro com Cerca Metálica, Compartilhada, Madeira e Cerâmica, Não se aplica a este imóvel, 01," Aprox. R$ 250,00", Por conta do locatário," Aprox. R$ 30,00", Individual
25, 24292, Centro, 1, 85501-110, Paver,"
Apartamento", Pato Branco, Eternit, Alvenaria, 1189, 5, 02 quadras," Rua Visconde de Tamandaré, 1323", Rede de Esgoto, Sem Cobertura, Paraná, Laje, Não se aplica a este imóvel, 1, Sim,https://www.moretti.imb.br/imovel/edif-tokio-apartamento-com-1-quarto-no-centro-ref-1189/,, 139.00 m2, 40.00 m2, Tokio, 8, 0041, Não há, 03, 304, Frente para o SUL, Brasil, R$ 650 , 1, sim, Muro com Cerca Metálica, Compartilhada, Cerâmica, Não se aplica a este imóvel, 01," 200,00", Por conta do locatário," 15,00", Individual
26, 24288, Parque do Som, 1, 85501-110, Paver,"
Apartamento", Paraná, Eternit, Alvenaria, 390.002, 5, 02 quadras," Rua Boleslau Fisdalski, 75", Rede de Esgoto, Sem Cobertura, Paraná, Laje, Não se aplica a este imóvel, 1, Sim,https://www.moretti.imb.br/imovel/ed-parque-do-som-apartametno-com-3-quartos-sala-com-sacada-garagem-ref-390-002/,, 139.00 m2, 90.00 m2, Parque do Som, 8, 0041, Não há, 02, 202, Frente para o SUL, Brasil, R$ 730 , 3, 01, Muro com Cerca Metálica, Privativa, Cerâmica, Terreno Plano, 01," Aprox. R$ 180,00", Por conta do locatário," Aprox. R$ 17,00 a parcela mensal", Coletiva
27, 24286, Centro, 1, 85501-110, Paver,"
Apartamento", Pato Branco, Eternit, Alvenaria, 14.001, 5, 02 quadras," Avenida Tupi, 3056", Rede de Esgoto, Sem Cobertura, Paraná, Laje, Não se aplica a este imóvel, 1, Sim,https://www.moretti.imb.br/imovel/ed-bolson-apartamento-2-quartos-no-centro-ao-lado-da-faculdade-mater-dei-ref-14-001/,, 139.00 m2, 55.00 m2, Bolson, 8, 0041, Não há, 02, 06, Frente para o OESTE, Brasil, R$ 600 , 2, 01, Muro com Cerca Metálica, Sem Garagem, Decorflex, Terreno Plano, Sem Garagem," Aprox. R$ 150,00", Por conta do locatário," Aprox. R$ 13,53 a parcela mensal", Coletiva
28, 24092, La Salle, 1, 85501-110, Paver,"
Apartamento", Pato Branco, Eternit, Alvenaria, 1278, 5, 02 quadras," Rua Aimoré, 44", Rede de Esgoto, Sem Cobertura, Paraná, Laje, Não se aplica a este imóvel, 1, Sim,https://www.moretti.imb.br/imovel/ed-sao-francisco-apartamento-2-quartos-semi-mobiliado-com-garagem-ref-1278/,, 139.00 m2, 84.00 m2, São Francisco, 8, 0041, Não há, 04, 404, Frente para o NORTE, Brasil, R$ 1.100 , 2, 01, Muro com Cerca Metálica, Sem Garagem, Cerâmica, Terreno Plano, 01," R$ 230,00", Por conta do locatário," Aprox. R$ 25,00 parcela mensal", Coletiva
29, 23868, Centro, 2, 85504-440, Paver,"
Apartamento", Pato Branco, Eternit, Alvenaria, 887.002, 5, 02 quadras," Rua Jaciretã, 88", Rede de Esgoto, Sem Cobertura, Paraná, Laje, Não se aplica a este imóvel, 1, Sim,https://www.moretti.imb.br/imovel/edif-los-angeles-apartamento-com-suite-1-quarto-no-centro-com-vaga-de-garagem-privativa-ref-887-02/,, 139.00 m2, 127.00 m2, Los Angeles, 8, 0041, 01, 05, 503, Frente para o LESTE, Brasil, R$ 1.100 , 2, sim, Muro com Cerca Metálica, Privativa, Cerâmica, Terreno Plano, 01," 290,00", Por conta do locatário," 25,00", Coletiva
30, 23804, Parque do Som, 2, 85501-330, Paver,"
Casa", Pato Branco, Telha, Alvenaria, 1524.001, 5, 02 quadras," Rua Altevir Turra, 581", Fossa Séptica, Sem Cobertura, Paraná, Laje, Não se aplica a este imóvel, 1, Sim,https://www.moretti.imb.br/imovel/casa-alvenaria-suite-2-quartos-no-bairro-parque-do-som-ref-1524-001/,, 139.00 m2, 94.00 m2, Los Angeles, 8, 0041, 01, 05, 503, Frente para o LESTE, Brasil, R$ 850 , 3, sim, Muro com Cerca Metálica, Privativa, Cerâmica, Terreno Plano, 01," 290,00", Por conta do locatário, Sob consulta, Individual
31, 23803, Brasília, 2, 85501-330, Paver,"
Apartamento", Pato Branco, Telha, Alvenaria, 1573.008, 5, 02 quadras," Rua Silveira Martins, 247", Fossa Séptica, Sem Cobertura, Paraná, Laje, Não se aplica a este imóvel, 1, Sim,https://www.moretti.imb.br/imovel/edif-cecilia-rigo-apartamento-com-suite-2-quartos-sacada-com-churrasqueira-ref-1573-008/,, 139.00 m2, 142.00 m2, Cecilia Rigo, 8, 0041, 01, 05, 502, Frente para o LESTE, Brasil, R$ 1.580 , 3, Sim, Não se aplica a este imóvel, Privativa, Cerâmica, Terreno Plano, 01," Aprox. R$ 350,00", Por conta do locatário," Aprox. R$ 27,00 a parcela mensal", Individual
32, 23518, Centro, 1, 85501-330, Paver,"
Apartamento", Pato Branco, Telha, Alvenaria, 1235.007, 5, 01 quadra," Rua Itacolomi, 785", Fossa Séptica, Sem Cobertura, Paraná, Laje, Não se aplica a este imóvel, 1, Sim,https://www.moretti.imb.br/imovel/edif-tupi-apartamento-com-2-quartos-no-centro-ref-1235-007/,, 139.00 m2, 85.00 m2, Tupy, 8, 0041, 01, 02, 201, Frente para o LESTE, Brasil, R$ 850 , 2, 02 ambientes, Não se aplica a este imóvel, Privativa, Parquet, Terreno Plano, 01," Aprox. R$ 250,00", Por conta do locatário, -.-, Coletiva
33, 23502, Centro, 1, 85501-330, Paver,"
Apartamento", Pato Branco, Telha, Alvenaria, 1235.025, 5, 01 quadra," Rua Itacolomi, 785", Rede de Esgoto, Sem Cobertura, Paraná, Laje, Não se aplica a este imóvel, 1, Sim,https://www.moretti.imb.br/imovel/edif-tupi-apartamento-com-2-quartos-no-centro-ref-1235-025/,, 139.00 m2, 85.00 m2, Tupy, 8, 0041, 01, 05, 501, Frente para o SUL, Brasil, R$ 850 , 2, 01, Não se aplica a este imóvel, Privativa, Parquet, Terreno Plano, 01," Aprox. R$ 250,00", Por conta do locatário, -.-, Coletiva
34, 23378, Centro, 2, 85501-330, Paver,"
Apartamento", Pato Branco, Telha, Alvenaria, 544.001, 5, 02 quadras," Avenida Tupi, 3110", Rede de Esgoto, Sem Cobertura, Paraná, Laje, Não se aplica a este imóvel, 1, Sim,https://www.moretti.imb.br/imovel/ed-toniolo-apartamento-amplo-com-3-quartos-com-garagem-no-centro-ref-544-001/,, 139.00 m2, 160.00 m2, Toniolo, 8, 0041, 01, 02, Apart. 202, Frente para o SUL, Brasil, R$ 980 , 3, 01, Não se aplica a este imóvel, Privativa, Parquet, Terreno Plano, 02," Aprox. R$ 130,00", Por conta do locatário," Aprox. R$ 20,00 a parcela mensal", Coletiva
35, 23271, Centro, 7, 85501-330, Paver,"
Loja", Pato Branco, Telha, Alvenaria, 1235.041, 5, 02 quadras," Avenida Tupi, 2728", Rede de Esgoto, Sem Cobertura, Paraná, Laje, Não se aplica a este imóvel, 1, Sim,https://www.moretti.imb.br/imovel/ed-tupy-loja-terrea-de-esquina-no-centro-ref-1235-041/,, 139.00 m2," 1,511.00 m2", Toniolo, 8, 0041, 01, Térreo, Apart. 202, Frente para o LESTE, Brasil, R$ 14.000 , 3, 01, Não se aplica a este imóvel, Privativa, Cerâmica, Terreno Plano, 02," Aprox. R$ 130,00", Por conta do locatário," Aprox. R$ 20,00 a parcela mensal", Coletiva
36, 23234, Menino Deus, 1, 85501-330, Grama,"
Casa", Paraná, Telha, Mista, 1612.002, 5, 02 quadras," Rua Xavantes, 1415", Rede de Esgoto, Sem Cobertura, Paraná, Laje, Não se aplica a este imóvel, 1, Sim,https://www.moretti.imb.br/imovel/casa-mista-com-2-quartos-no-bairro-menino-deus-ref-1612-002/,, 139.00 m2, 60.00 m2, Toniolo, 8, 0041, 01, Térreo, Apart. 202, Frente para o LESTE, Brasil, R$ 550 , 2, 01, Cerca Metálica, -- : --, Cerâmica, Terreno Plano, 01," Aprox. R$ 130,00", Por conta do locatário, Sob consulta, Individual
37, 23104, Trevo da Guarany, 1, 85501-330, Lajota,"
Barracão,", Pato Branco, Zinco, Alvenaria, 1546.001, 5, 02 quadras, BR 158-373 esquina com Rua Tamoio, -- : --, Sem Cobertura, Paraná, -- : --, -- : --, 1, -- : --,https://www.moretti.imb.br/imovel/barracao-com-aproximadamente-2-200-m%c2%b2-no-trevo-da-taisa-guarany-ref-1546-001/, Área total aproximada 800 m2 (Loja Barracão Escritório depósito)," 2.214,75 m²", 800.00 m2, Toniolo, 8, 0041, -- : --, -- : --, Apart. 202, Frente para o NORTE, Brasil, R$ 8.200 , 2, 01, Cerca Metálica, -- : --, -- : --, Terreno Plano, -- : --," Aprox. R$ 130,00", Por conta do locatário, Sob consulta, Individual
38, 23087, Brasília, 2, 85501-330, Paver,"
Apartamento", Pato Branco, Zinco, Alvenaria, 1572.007, 5, 03 quadras," Rua Silveira Martins, 247", -- : --, Sem Cobertura, Paraná, Laje, -- : --, 1, Sim,https://www.moretti.imb.br/imovel/edif-cecilia-rigo-apartamento-com-suite-2-quartos-sacada-com-churrasqueira-ref-1572-007/, Área total aproximada 800 m2 (Loja Barracão Escritório depósito)," 2.214,75 m²", 142.00 m2, Cecília Rigo, 8, 0041, 01, 06, Apart. 602, Frente para o NORTE, Brasil, R$ 1.580 , 3, 02 ambientes com sacada, Cerca Metálica, Privativa, Cerâmica, Terreno Plano, 01," Aprox. R$ 350,00", Por conta do locatário," Aprox. R$ 27,00 a parcela mensal", Individual
39, 23086, Centro, 1, 85501-330, Paver,"
Apartamento", Pato Branco, Zinco, Alvenaria, 1572.007, 5, 02 quadras," Rua Tapejara, 138", -- : --, Sem Cobertura, Paraná, Laje, -- : --, 1, Sim,https://www.moretti.imb.br/imovel/edif-sante-apartamento-2-quartos-sacada-com-churrasqueira-no-centro-ref-1221-040/, Área total aproximada 800 m2 (Loja Barracão Escritório depósito)," 2.214,75 m²", 70.00 m2, Santé, 8, 0041, 01, 01, 101, Frente para o NORTE, Brasil, R$ 950 , 2, 02 ambientes com sacada, Cerca Metálica, Privativa, Porcelanato, Terreno Plano, 01," Aprox. R$ 180,00", Por conta do locatário," Aprox. R$ 20,00 a parcela mensal", Individual
40, 22100, Centro, 1, 85501-330, Paver,"
Apartamento", Paraná, Zinco, Alvenaria, 1117.002, 5, 03 quadras," Tupi, 2200", Rede de Esgoto, Não se aplica a este imóvel, Paraná, Não se aplica a este imóvel, Não se aplica a este imóvel, 1, Sim,https://www.moretti.imb.br/imovel/ed-center-ville-apartamento-com-02-quartos-no-centro-ref-1117-002/, Área total aproximada 800 m2 (Loja Barracão Escritório depósito)," 2.214,75 m²", 70.00 m2, Center Ville, 8, 0041, Não há, 02, 203, -- : --, Brasil, R$ 750 , 2, Sim, Não se aplica a este imóvel, Sem Garagem, Cerâmica, Não se aplica a este imóvel, Sem Garagem," R$ 200,00", Por conta do locatário," R$ 20,00", Coletiva
41, 21958, Santa Terezinha, 1, 85506-240, Paver,"
Sala", Pato Branco, Zinco, Alvenaria, 1090, 5, -- : --," Rua Visconde de Tamandaré, 269", -- : --, -- : --, Paraná, -- : --, LED, 1, -- : --,https://www.moretti.imb.br/imovel/edif-jardim-boungainville-centro-de-profissionais-na-area-de-saude-ref-1090/, Área total aproximada 800 m2 (Loja Barracão Escritório depósito)," 2.214,75 m²", 20.00 m2, Jardim Bouganville, 8, 0041, -- : --, 01, 203, Frente para o SUL, Brasil, R$ 600 , 2, 04, -- : --, Sem Garagem, Porcelanato, -- : --, -- : --," Aprox.: R$ 230,00", Por conta do locatário, Sob consulta, Coletiva
42, 21951, Industrial, 2, 85506-521, Paver,"
Loja", Pato Branco, Eternit, Alvenaria, 996.015, 5, 04 quadras," Rua Maurício Batista Menosso, ", -- : --, Sem Cobertura, Paraná, Laje, -- : --, 1, Sim,https://www.moretti.imb.br/imovel/loja-terrea-ampla-no-bairro-industrial-com-2-banheiros-ref-996-015/, Área total aproximada 800 m2 (Loja Barracão Escritório depósito)," 2.214,75 m²", 250.00 m2, Jardim Bouganville, 8, 0041, -- : --, -- : --, 203, Frente para o LESTE, Brasil, R$ 3.000 , 2, 04, -- : --, -- : --, Cerâmica, -- : --, -- : --," Aprox.: R$ 230,00", Por conta do locatário, Sob consulta, Individual
43, 19521, Centro, 2, 85506-521, -- : --,"
Loja", Pato Branco, Eternit, Alvenaria, 1441.002, 5, 02 quadras," Rua Tamoio, 794", Rede de Esgoto, -- : --, Paraná, -- : --, -- : --, 1, -- : --,https://www.moretti.imb.br/imovel/ed-iguatemi-loja-terrea-ampla-em-otima-localizacao-ref-1441-002/, Área total aproximada 800 m2 (Loja Barracão Escritório depósito)," 2.214,75 m²", 267.00 m2, Iguatami, 8, 0041, -- : --, Térreo, 203, -- : --, Brasil, R$ 3.800 , 2, 04, -- : --, Sem Garagem, Cerâmica, -- : --, -- : --, Sob consulta, Por conta do locatário, Sob consulta, -- : --
44, 19096, Centro, 3, 85501-090, Paver,"
Loja", Pato Branco, Eternit, Alvenaria, 1362.007, 5, 01 quadra," Rua Pedro Ramires de Mello, Pato Branco, Microrregião de Pato Branco, Mesorregião Sudoeste Paranaense, Paraná, Região Sul, 85501-090, Brasil", Rede de Esgoto, -- : --, Paraná, -- : --, -- : --, 1, -- : --,https://www.moretti.imb.br/imovel/ed-agape-ii-loja-terrea-570-m%c2%b2-imovel-novo-ao-lado-da-prefeitura-ref-1362-007/, Área total aproximada 800 m2 (Loja Barracão Escritório depósito)," 2.214,75 m²", 570.00 m2, Ágape II, 8, 0041, -- : --, Térreo, 203, -- : --, Brasil, R$ 16.000 , 2, 04, -- : --, Sem Garagem, Porcelanato, Terreno Plano, -- : --, Sob consulta, Por conta do locatário, Sob consulta, Individual
45, 19040, Santa Terezinha, 3, 85501-090, Paver,"
Loja", Pato Branco, Eternit, Alvenaria, 1332, 5, 02 quadras, Rua João Pessoa, Rede de Esgoto, Sem Cobertura, Paraná, Laje, -- : --, 1, -- : --,https://www.moretti.imb.br/imovel/ed-erico-verissimo-loja-terrea-nova-ref-1332/, Área total aproximada 800 m2 (Loja Barracão Escritório depósito)," 2.214,75 m²", 130.00 m2, Érico Versíssimo, 005, 0149, -- : --, Térreo, 203, Frente para o OESTE, Brasil, R$ 1.700 , 2, 04, -- : --, Privativa, Porcelanato, -- : --, 01, Sob consulta, Por conta do locatário, Sob consulta, Individual
46, 19063, Santa Terezinha, 2, 85501-190, Paver,"
Loja", Pato Branco, Eternit, -- : --, 1332, 4, -- : --, Rua Dr. Beltrão, -- : --, -- : --, Paraná, -- : --, -- : --, 1, -- : --,https://www.moretti.imb.br/imovel/ed-erico-verissimo-loja-terrea-nova-ref-1331/, Área total aproximada 800 m2 (Loja Barracão Escritório depósito)," 2.214,75 m²", 190.00 m2, Érico Versíssimo, 005, 0149, -- : --, Térreo, 203, Frente para o SUL, Brasil, R$ 2.900 , 2, 04, -- : --, -- : --, Porcelanato, -- : --, 01, Sob consulta, Por conta do locatário, Sob consulta, Individual
47, 19557, Cristo Rei, 2, 85501-190, Paver,"
Loja", Pato Branco, Eternit, Alvenaria, 1271.045, 4, -- : --," Rua Antonio Ascari, esquina com Rua Domingos de Matos", -- : --, Sem Cobertura, Paraná, -- : --, -- : --, 1, -- : --,https://www.moretti.imb.br/imovel/ed-cristo-rei-loja-terrea-nova-ref-1271-045/, Área total aproximada 800 m2 (Loja Barracão Escritório depósito)," 2.214,75 m²", 180.00 m2, Cristo Rei, 005, 0149, -- : --, Térreo, 203, -- : --, Brasil, R$ 1.800 , 2, 04, -- : --, -- : --, Porcelanato, -- : --, -- : --, Sob consulta, Por conta do locatário, Sob consulta, Individual
48, 18725, Centro, 1, 85501-190, -- : --,"
Sala", Pato Branco, Eternit, -- : --, 1054.011, 4, 02 quadras," Rua Tapajós, 401", Rede de Esgoto, -- : --, Paraná, -- : --, -- : --, 1, -- : --,https://www.moretti.imb.br/imovel/ed-gomes-sala-comercial-central-ref-1054-011/, Área total aproximada 800 m2 (Loja Barracão Escritório depósito)," 2.214,75 m²", 40.00 m2, Gomes II, 005, 0149, -- : --, 01, Sala 15, -- : --, Brasil, R$ 450 , 2, 01, -- : --, Sem Garagem, Decorflex, -- : --, -- : --," Aprox. R$ 50,00", Por conta do locatário, Sob consulta, Coletiva
49, 18726, Centro, 1, 85501-190, -- : --,"
Sala", Pato Branco, Eternit, Alvenaria, 1054.008, 4, 02 quadras," Rua Tapajós, 401", -- : --, -- : --, Paraná, -- : --, -- : --, 1, -- : --,https://www.moretti.imb.br/imovel/ed-gomes-sala-comercial-central-ref-1054-008/, Área total aproximada 800 m2 (Loja Barracão Escritório depósito)," 2.214,75 m²", 40.00 m2, Gomes II, 005, 0149, -- : --, 02, Sala 25, -- : --, Brasil, R$ 450 , 2, 01, -- : --, Sem Garagem, Decorflex, -- : --, -- : --," Aprox. R$ 50,00", Por conta do locatário, Sob consulta, Coletiva
50, 19065, Centro, 2, 85501-052, Paver,"
Loja,", Pato Branco, Eternit, Alvenaria, 985.003, 4, 01 quadra," Rua Iguaçu, centro", Rede de Esgoto, Sem Cobertura, Paraná, -- : --, -- : --, 1, -- : --,https://www.moretti.imb.br/imovel/loja-terrea-em-construcao-previsao-de-entrega-ate-outubro-2019-centro-area-construida-de-600-m%c2%b2-com-08-vagas-de-garagem-a-50-metros-da-praca-central-ref-985-003/, Área total aproximada 800 m2 (Loja Barracão Escritório depósito)," 2.214,75 m²", 598.00 m2, Gomes II, 005, 0149, -- : --, Térreo, Sala 25, Frente para o SUL, Brasil, R$ 14.000 , 2, 01, -- : --, -- : --, Porcelanato, Terreno Plano, -- : --," Aprox. R$ 50,00", Sob consulta, Sob consulta, Individual
51, 19035, Centro, 3, 85501-065, Paver,"
Loja", Pato Branco, Eternit, Alvenaria, 1362.004, 4, 02 quadras," Avenida Tupi, 2628", Rede de Esgoto, -- : --, Paraná, Laje, -- : --, 1, -- : --,https://www.moretti.imb.br/imovel/ed-vivaldi-loja-terrea-na-area-central-com-811m%c2%b2-ref-1362-004/, Área total aproximada 800 m2 (Loja Barracão Escritório depósito)," 2.214,75 m²", 811.00 m2, Vivaldi, 005, 0149, -- : --, Térreo, Sala 25, Frente para o LESTE, Brasil, R$ 13.000 , 2, 01, -- : --, Sem Garagem, Porcelanato, -- : --, -- : --, A confirmar com Administração do Condomínio, Por conta do locatário, Sob consulta, Individual
52, 18728, Centro, 2, 85501-062, Paver,"
Sala", Pato Branco, Eternit, -- : --, 1037, 4, 02 quadras," Rua Iguaçu, 475, Salas 405 e 406", Rede de Esgoto, -- : --, Paraná, Laje, -- : --, 1, -- : --,https://www.moretti.imb.br/imovel/ed-cci-sala-comercial-central-proximo-a-praca-getulio-vargas-ref-1037/, Área total aproximada 800 m2 (Loja Barracão Escritório depósito)," 2.214,75 m²", 130.00 m2, CCI, 005, 0149, -- : --, 04, Salas 405 e 406, -- : --, Brasil, R$ 1.500 , 2, 04, -- : --, Sem Garagem, Madeira e Cerâmica, -- : --, -- : --," Aprox. R$ 500,00", Por conta do locatário, Sob consulta, Coletiva
53, 18729," Centro, Sambugaro, Trevo da Guarany", 2, 85501-025, -- : --,"
Barracão,", Pato Branco, Aço zincado, Alvenaria, 1362.005, 4, 03 quadras," Rua Paraná, 1463", -- : --, Sem Cobertura, Paraná, -- : --, -- : --, 1, -- : --,https://www.moretti.imb.br/imovel/dois-barracoes-area-total-1600-m2-aproximada-amplo-estacionamento-ref-1362-005/, Área aproximada de 1450 m², 2900 M²," 1,600.00 m2", CCI, 006, 1106, -- : --, Térreo, Salas 405 e 406, Frente para o NORTE, Brasil, R$ 12.000 , 2, 04, Muro com Cerca Metálica, -- : --, -- : --, Terreno Plano, -- : --," Aprox. R$ 500,00", Por conta do locatário, Sob consulta, Individual
54, 18723, Centro, 1, 85501-025, Paver,"
Sala", Pato Branco, Aço zincado, -- : --, 141.008, 4, 02 quadras," Rua Arariboia, 200", -- : --, Sem Cobertura, Paraná, -- : --, -- : --, 1, -- : --,https://www.moretti.imb.br/imovel/edif-zamberlan-sala-comercial-em-area-central-ref-141-008/, Área aproximada de 1450 m², 2900 M², 50.00 m2, Zamberlan, 006, 1106, -- : --, 02, Sala 04, Frente para o NORTE, Brasil, R$ 650 , 2," 03 ambientes, divisórias de madeiras.", -- : --, Privativa, Cerâmica, -- : --, -- : --," Aprox. R$ 100,00", Por conta do locatário, Sob consulta, Individual
55, 18727, Centro, 4, 85501-025, -- : --,"
Andar", Pato Branco, Aço zincado, -- : --, 1054.004, 4, 01 quadra," Rua Tapajós, 401", Rede de Esgoto, -- : --, Paraná, -- : --, -- : --, 1, -- : --,https://www.moretti.imb.br/imovel/edif-gomes-sala-comercial-central-ref-1054-004/, Área aproximada de 1450 m², 2900 M², 200.00 m2, Gomes II, 006, 1106, 04, 03," Salas 31, 32, 33, 34", Frente para o LESTE, Brasil, R$ 1.600 , 2, 04, -- : --, Sem Garagem, Decorflex, -- : --, -- : --," Aprox. R$ 200,00", Por conta do locatário, Sob consulta, Coletiva
56, 18724, Centro, 2, 85501-025, -- : --,"
Andar", Pato Branco, Aço zincado, -- : --, 1054.010, 5, 02 quadras," Rua Tapajós, 401", Rede de Esgoto, -- : --, Paraná, -- : --, -- : --, 1, -- : --,https://www.moretti.imb.br/imovel/edif-gomes-sala-comercial-central-ref-1054-010/, Área aproximada de 1450 m², 2900 M², 100.00 m2, Gomes II, 006, 1106, -- : --, 03," Salas 35, 36, 37", Frente para o OESTE, Brasil, R$ 1.350 , 2, 03, -- : --, Sem Garagem, Decorflex, -- : --, -- : --," Aprox. R$ 150,00", Por conta do locatário, Sob consulta, Coletiva
57, 18722, Centro, 1, 85501-025, Paver,"
Sala", Pato Branco, Aço zincado, Alvenaria, 850.005, 5, 02 quadras," Rua Pedro Ramires de Mello, 21", Rede de Esgoto, -- : --, Paraná, Laje, -- : --, 1, -- : --,https://www.moretti.imb.br/imovel/galeria-belmira-cavazzola-sala-comercial-1o-andar-central-em-frente-a-praca-getulio-vargas-ref-850-005/, Área aproximada de 1450 m², 2900 M², 71.00 m2, Galeria Belmira Cavazzola, 006, 1106, -- : --, 01, Sala 05, Frente para o OESTE, Brasil, R$ 850 , 2, 01, -- : --, Sem Garagem, Cerâmica, -- : --, -- : --," Aprox. R$ 150,00", Por conta do locatário, Sob consulta, Coletiva
58, 18721, Centro, 1, 85501-025, -- : --,"
Sala", Pato Branco, Aço zincado, -- : --, 850.005, 5, 02 quadras," Rua Pedro Ramires de Mello, 21", Rede de Esgoto, -- : --, Paraná, -- : --, -- : --, 1, -- : --,https://www.moretti.imb.br/imovel/galeria-belmira-cavazzola-sala-comercial-1o-andar-central-em-frente-a-praca-getulio-vargas-ref-850-002/, Área aproximada de 1450 m², 2900 M², 73.00 m2, Galeria Belmira Cavazzola, 006, 1106, -- : --, 01, Sala 04, Frente para o OESTE, Brasil, R$ 850 , 2, 01, -- : --, Sem Garagem, Cerâmica, -- : --, -- : --," Aprox. R$ 150,00", Por conta do locatário, Sob consulta, Coletiva
59, 18718, Santa Terezinha, 2, 85501-025, Paver,"
Sala", Pato Branco, Aço zincado, Alvenaria, 1091, 5, 03 quadras," Rua Visconde de Tamandaré, 269", Rede de Esgoto, -- : --, Paraná, -- : --, -- : --, 1, -- : --,https://www.moretti.imb.br/imovel/edif-jardim-boungainville-centro-de-profissionais-na-area-de-saude-ref-1091/, Área aproximada de 1450 m², 2900 M², 20.00 m2, Jardim Bougainville, 006, 1106, -- : --, 01, Sala 03, -- : --, Brasil, R$ 600 , 2, 01, -- : --, Sem Garagem, Porcelanato, -- : --, -- : --," Aprox. R$ 230,00", Por conta do locatário, Sob consulta, Coletiva
60, 18717, Santa Terezinha, 1, 85501-025, Paver,"
Sala", Pato Branco, Aço zincado, Alvenaria, 1088, 5, 03 quadras," Rua Visconde de Tamandaré, 269", -- : --, -- : --, Paraná, -- : --, -- : --, 1, -- : --,https://www.moretti.imb.br/imovel/edif-jardim-boungainville-centro-de-profissionais-na-area-de-saude-ref-1088/, Área aproximada de 1450 m², 2900 M², 20.00 m2, Jardim Bougainville, 006, 1106, -- : --, 01, Sala 05, -- : --, Brasil, R$ 600 , 2, 01, -- : --, Sem Garagem, Porcelanato, -- : --, -- : --," Aprox. R$ 230,00", Por conta do locatário, Sob consulta, Coletiva
61, 18710, Centro, 1, 85501-025, -- : --,"
Conjunto,", Pato Branco, Aço zincado, Alvenaria, 850.004, 5, 03 quadras," Rua Pedro Ramires de Mello, 21", Rede de Esgoto, -- : --, Paraná, Laje, -- : --, 1, -- : --,https://www.moretti.imb.br/imovel/galeria-belmira-cavazzola-sala-comercial-1o-andar-central-em-frente-a-praca-getulio-vargas-ref-850-004/, Área aproximada de 1450 m², 2900 M², 73.00 m2, Galeria Dona Belmira Cavazola, 006, 1106, -- : --, 01, Sala 02, Frente para o SUL, Brasil, R$ 850 , 2, 01 ampla, -- : --, Sem Garagem, Cerâmica, -- : --, -- : --,"  Aprox. 150,00", Por conta do locatário, Sob consulta, Coletiva
62, 18704, Brasília, 1, 85501-025, Cimento,"
Casa,", Pato Branco, Aço zincado, Alvenaria, 162.019, 5, 05 quadras," Brasilia, 815", Rede de Esgoto, -- : --, Paraná, Madeira, -- : --, 1, Sim,https://www.moretti.imb.br/imovel/casa-de-alvenaria-no-bairro-brasilia-ref-162-019/, Área aproximada de 1450 m², 2900 M², 70.00 m2, Galeria Dona Belmira Cavazola, 006, 1106, -- : --, -- : --, Sala 02, Frente para o SUL, Brasil, R$ 830 , 2, Sim, Cerca Metálica, Compartilhada, Cerâmica, Não se aplica a este imóvel, 01,"  Aprox. 150,00", Por conta do locatário," R$ 50,00", Coletiva
63, 18698, São Francisco, 2, 85501-025, Paver,"
Apartamento,", Pato Branco, Aço zincado, Alvenaria, 1271.046, 5, 02 quadras," Rua Vitorino Tiocheta, 464", -- : --, -- : --, Paraná, Laje, -- : --, 1, Sim,https://www.moretti.imb.br/imovel/cond-dona-ermelinda-duplex-com-2-suites-ref-1271-046/, Área aproximada de 1450 m², 2900 M², 126.00 m2, Dona Ermelinda, 006, 1106, 02, Térreo, 4, Frente para o OESTE, Brasil, Oferta de R$ 1.150 por  R$ 1.050 , 2, Conjugada com cozinha., -- : --, Privativa, Porcelanato, -- : --, 01," 25,00", Por conta do locatário," 56,00", Individual
64, 18716, Santa Terezinha, 2, 85501-025, Paver,"
Sala", Pato Branco, Aço zincado, -- : --, 1089, 5, 03 quadras," Rua Visconde de Tamandaré, 269", Rede de Esgoto, -- : --, Paraná, -- : --, -- : --, 1, -- : --,https://www.moretti.imb.br/imovel/edif-jardim-boungainville-centro-de-profissionais-na-area-de-saude-ref-1089/, Área aproximada de 1450 m², 2900 M², 20.00 m2, Jardim Bougainville, 006, 1106, -- : --, 01, Sala 02, -- : --, Brasil, R$ 600 , 2, 01, -- : --, Sem Garagem, Porcelanato, -- : --, -- : --," Aprox. 230,00", Por conta do locatário, Sob consulta, Coletiva
65, 18712, Centro, 1, 85501-025, -- : --,"
Sala", Pato Branco, Aço zincado, -- : --, 144.009, 5, 02 quadras," Pedro Ramires De Melo, 162", Rede de Esgoto, -- : --, Paraná, Laje, -- : --, 1, Sim,https://www.moretti.imb.br/imovel/edif-leonardo-frederico-sala-comercial-ao-lado-da-prefeitura-ref-144-009/, Área aproximada de 1450 m², 2900 M², 88.00 m2, Ed. Loenardo Frederico, 006, 1106, -- : --, 02, Sala 201, -- : --, Brasil, R$ 890 , 2, 01 ampla, -- : --, Sem Garagem, Cerâmica, -- : --, -- : --," Aprox: 200,00", Por conta do locatário, Sob consulta, Coletiva
66, 18695, Brasília, 2, 85501-025, -- : --,"
Apartamento", Pato Branco, Aço zincado, -- : --, 1573.009, 5, 03 quadras," Rua Silveira Martins, 247", -- : --, -- : --, Paraná, -- : --, -- : --, 1, Sim,https://www.moretti.imb.br/imovel/edif-cecilia-rigo-apartamento-com-suite-2-quartos-sacada-com-churrasqueira-ref-1573-009/, Área aproximada de 1450 m², 2900 M², 142.00 m2, Cecília Rigo, 006, 1106, 01, 05, 503, -- : --, Brasil, R$ 1.580 , 3, Sim, -- : --, -- : --, Cerâmica, -- : --, 01," 350,00", Por conta do locatário," 35,00", Individual
67, 18694, Centro, 1, 85501-025, -- : --,"
Apartamento", Pato Branco, Aço zincado, -- : --, 45.008, 5, 01 quadra," Av. Tupi, 3354", -- : --, -- : --, Paraná, -- : --, -- : --, 1, Sim,https://www.moretti.imb.br/imovel/edif-dall-ross-apartamento-com-2-quartos-no-centro-ref-45-008/, Área aproximada de 1450 m², 2900 M², 80.00 m2, Dall Ross, 006, 1106, -- : --, 02, 202, -- : --, Brasil, R$ 630 , 2, Sim, -- : --, -- : --, Parquet, -- : --, Sem Garagem," 180,00", Por conta do locatário," 16,00", Coletiva
68, 18686, Cristo Rei, 1, 85501-025, -- : --,"
Apartamento", Pato Branco, Aço zincado, -- : --, 1271.044, 5, -- : --," Rua Domingos de Matos, 143", -- : --, -- : --, Paraná, -- : --, -- : --, 1, Sim,https://www.moretti.imb.br/imovel/edif-cristo-rei-apartamento-com-3-quartos-sacada-com-churrasqueira-ref-1271-044/, Área aproximada de 1450 m², 2900 M², 90.00 m2, Cristo Rei, 006, 1106, -- : --, 03, 406, -- : --, Brasil, R$ 900 , 3, Sim, -- : --, Privativa, Cerâmica, -- : --, 01," 170,00", Por conta do locatário," 20,00", Individual
69, 18681, Brasília, 2, 85501-025, -- : --,"
Apartamento", Pato Branco, Aço zincado, -- : --, 1572.006, 5, 02 quadras," Rua Silveira Martins, 247", -- : --, -- : --, Paraná, -- : --, -- : --, 1, Sim,https://www.moretti.imb.br/imovel/edif-cecilia-rigo-apartamento-com-suite-2-quartos-sacada-com-churrasqueira-ref-1572-006/, Área aproximada de 1450 m², 2900 M², 142.00 m2, Cecília Rigo, 006, 1106, 01, 06, 601, -- : --, Brasil, R$ 1.580 , 3, Sim, -- : --, -- : --, Cerâmica, -- : --, 01," 350,00", Por conta do locatário," 31,22", Individual
70, 18680, Brasília, 2, 85504-027, Cimento,"
Casa", Pato Branco, Aço zincado, Alvenaria, 162.018, 7, Mais de 05 quadras," Brasilia, 815", Rede de Esgoto, Não se aplica a este imóvel, Paraná, Madeira, Não se aplica a este imóvel, 1, Sim,https://www.moretti.imb.br/imovel/casa-de-alvenaria-com-suite-2-quartos-no-bairro-brasilia-ref-162-018/, Área aproximada de 1450 m², 2900 M², 70.00 m2, Cecília Rigo, 006, 1106, 01, Não se aplica a este imóvel, 601, -- : --, Brasil, R$ 830 , 3, Sim, Cerca Metálica, Compartilhada, Cerâmica, Não se aplica a este imóvel, 01," 350,00", Por conta do locatário," R$ 50,00", Coletiva
71, 18679, Brasília, 1, 85504-027, Cimento,"
Casa", Pato Branco, Aço zincado, Alvenaria, 162.020, 5, Mais de 05 quadras," Brasilia, 815", Rede de Esgoto, Não se aplica a este imóvel, Paraná, Madeira, Não se aplica a este imóvel, 1, Sim,https://www.moretti.imb.br/imovel/casa-de-alvenaria-no-bairro-brasilia-ref-162-020/, Área aproximada de 1450 m², 2900 M², 70.00 m2, Cecília Rigo, 006, 1106, 01, Não se aplica a este imóvel, 601, -- : --, Brasil, R$ 830 , 3, Sim, Muro com Cerca Metálica, Compartilhada, Cerâmica, Terreno Plano, 01," 350,00", Por conta do locatário," R$ 50,00", Coletiva
72, 18638, Centro, 1, 85504-027, -- : --,"
Apartamento", Pato Branco, Aço zincado, -- : --, 141.011, 5, 01 quadra," Rua Arariboia, 200", -- : --, -- : --, Paraná, -- : --, -- : --, 1, -- : --,https://www.moretti.imb.br/imovel/edif-zamberlan-apartamento-com-3-quartos-no-centro-ref-141-011/, Área aproximada de 1450 m², 2900 M², 100.00 m2, Zamberlan, 006, 1106, -- : --, 02, 04, -- : --, Brasil, R$ 850 , 3, sim, -- : --, -- : --, Cerâmica, -- : --, 01," 250,00", Por conta do locatário," 18,74", Coletiva
